clay_profile_id,full_name,title,company_name,location,start_date,query_tag
558475257,Mirko Bibic,"Président et chef de la direction, BCE Inc. et Bell Canada",Bell,"Montreal, Quebec, Canada",2020-01,Q1
432800949,Neel Mehta,President,BCE Global Tech,"Greater Toronto Area, Canada, Canada",2024-05,Q1
633661023,Sean Cohan,President,Bell Media,"Canada, Canada",2023-11,Q1
334521250,Nikki Moffat,CHRO & EVP Corporate Services,Bell,"Toronto, Ontario, Canada",2022-01,Q1
422491620,Guillaume Bazinet,Chief Executive Officer,"Ateko, backed by Bell Canada","Montreal, Quebec, Canada",2025-05,Q1
803131484,Mark McDonald,EVP Networks and CTO,Bell,"Mississauga, Ontario, Canada",2025-05,Q1
760913777,Maude Boivin,Senior Vice-President Consulting Services,"Ateko, backed by Bell Canada","Saint-Eustache, Quebec, Canada",2025-09,Q1
551193026,Renato Discenza,Senior Vice President,BCE,"Greater Toronto Area, Canada",,Q1
354134798,Curtis Millen,Chief Financial Officer of BCE Inc. and Bell Canada,Bell,"Montreal, Quebec, Canada",2023-09,Q1
354321294,Dan R.,"President, Bell Ai Fabric",Bell,"Kamloops, British Columbia, Canada",2025-04,Q1
489985071,Jean-Philippe Paradis,"Senior Vice-President, Sales and Wholesale Services, Bell Business Markets",Bell,"Westmount, Quebec, Canada",2025-01,Q1
476946051,Pietro Greco,CTO,"Ateko, backed by Bell Canada","Montreal, Quebec, Canada",2025-06,Q1
161521694,Andy Wright,"Senior Vice President, Leader of Bell Mobility",Bell,"Etobicoke, Ontario, Canada",2024-10,Q1
585987309,"Neil Parmenter, ICD.D","Senior Vice President, Corporate Communications",Bell,"Toronto, Ontario, Canada",2024-11,Q1
337136521,Jaethan Reichel,COO - Bell AI Fabric,Bell,"Calgary, Alberta, Canada",2025-07,Q1
192461565,Kelsey McEwen,"Chief Meteorologist, Co-Host of CTV Your Morning",Bell Media,"Toronto, Ontario, Canada",2016-06,Q1
675101154,Krishna Somers,"Senior Vice President, Investor Relations",Bell,"Canada, Canada",2025-07,Q1
461665258,Hadeer Hassaan,"EVP, Chief Information & Customer Experience Officer",Bell,"Greater Toronto Area, Canada, Canada",2025-05,Q1
778618724,Robert Malcolmson,"EVP, Chief Legal and Regulatory Officer, BCE Inc. & Bell Canada",Bell,"Greater Toronto Area, Canada, Canada",2021-01,Q1
351037212,Kevin Cluett,"Senior Vice President, Sports (TSN/RDS), Subscription Services (Crave), and Out of Home (Astral)",Bell Media,"Toronto, Ontario, Canada",2024-06,Q1
246249130,Frank V. Beauvais,Directeur général / stratégie,Bell Media,"Rouyn-Noranda, Quebec, Canada",2014-11,Q1
804474117,Zunaid H.,Chief Technology Officer,BCE Technologies,"Canada, Canada",2026-08,Q1
233044885,Carla Dos Santos,Senior Vice President Operations,BCE Global Tech,Canada,2024-05,Q1
730696021,Lukas Lhotsky,President,"Ateko, backed by Bell Canada","Montreal, Quebec, Canada",2019-11,Q1
405145461,Christian Tellier,"Senior Vice President, Global Sales & Partner Management","Ateko, backed by Bell Canada","Greater Montreal Metropolitan Area, Canada",2025-03,Q1
613053717,Payal Gabrani-Bahl,"Senior Vice President, Data & Advertising Platforms",Bell Media,"Canada, Canada",2025-04,Q1
686471988,Michel Richer,"President, Bell AI, Bell AI Fabric: Operations and Quantum",Bell,"Greater Montreal Metropolitan Area, Canada",2026-03,Q1
769164350,Melanie Schweizer,Senior Vice President Corporate Services and Corporate Secretary,Bell,"Oakville, Ontario, Canada",2025-02,Q1
605775719,Costa Pantazopoulos,"Senior Vice President, Enterprise Solutions",Bell,"Greater Montreal Metropolitan Area, Canada",2026-03,Q1
410142433,Florian BERSIER,"President, Bell Technical Solutions",Bell,"Montreal, Quebec, Canada",2026-08,Q1
359780433,Bruce Dean,"Senior Vice President, Network Technology & Operations",Bell,"Toronto, Ontario, Canada",2026-04,Q1
680010965,Matt MacEwen,Senior Vice President Finance Operations,Bell,"Canada, Canada",2024-09,Q1
405499206,Mark Graham,Executive Vice President and Chief Legal & Regulatory Officer,Bell,"Greater Toronto Area, Canada, Canada",2026-09,Q1
630765357,Anton Koschany,"Executive Producer, W5",Bell Media,"Toronto, Ontario, Canada",2021-09,Q1
170901846,Vicky Papeo,Executive Assistant to Senior Vice President,Bell,"Canada, Canada",2023-09,Q1
578282187,James Beresford,Senior Vice President Customer Operations,Bell,"Toronto, Ontario, Canada",2020-10,Q1
674019736,Jennifer Palov,Senior Vice President Human Resources,Bell,"Bedford, Nova Scotia, Canada",2024-03,Q1
848338564,Rob Vendetti,President at MiMobile Wireless,Bell,"Waterloo, Ontario, Canada",1999-10,Q1
771240369,Florence Biscotti,Executive Assistant to the Senior Vice-President,Bell,Canada,2020-06,Q1
297125271,Jacqueline Lee-Quai,"Client Success Executive, Director",Bell,Canada,2021-01,Q1
60278130,Tracy Nolan,Interim President Unifor Local79m,Unifor local 79m/Bell Media,"Greater Toronto Area, Canada",2021-06,Q1
653925310,Nadeema Jayasuriya,Executive Assistant to Senior Vice President,Bell,"Greater Toronto Area, Canada",2018-01,Q1
554336423,Anne Charlebois,President,Bell,Canada,2008-02,Q1
755142230,Erick Baziw,President,Baziw Consulting Engineers Ltd. (BCE),"Vancouver, British Columbia, Canada",1997-03,Q1
567078945,Norm Li,Chief Executive Officer,"Group of Companies: Bell Mobility, Desyn Services, Marble Slab Creamery, Torri Software, iRedeem","Edmonton, Alberta, Canada",2018-05,Q1
522548258,Donna Peterson,Chief Steward Unifor Local 6006,Bell,"Kingston, Ontario, Canada",2008-09,Q1
670329082,Kevin Assaff,Senior Vice President - Legal and Business Affairs,Bell,"Greater Toronto Area, Canada, Canada",2007-04,Q1
34620988,Devorah Lithwick,"Senior Vice President, Brand",Bell,"Toronto, Ontario, Canada",2017-09,Q1
743907500,Jag Siva,"Director, Operations",Bell Canada,"Arva, Ontario, Canada",,Q2
41660799,Benjamin Kostiuk,Field Operations Manager,Bell,"Toronto, Ontario, Canada",2025-07,Q2
875424975,Walison Santana,Senior Product Operations Manager | AI Fabric,Bell,"Toronto, Ontario, Canada",2026-07,Q2
57080454,"Sari Al Ghoul (MPA, PMP®)",Strategy & Operations Lead - Networking Solutions,Bell,"Toronto, Ontario, Canada",2025-01,Q2
508464988,Jodi Hamilton,"Operations Manager, Bell Media Local, Eastern, Northern & Central Ontario",Bell Media,"Ottawa, Ontario, Canada",2025-07,Q2
433709526,Bouchra Bessadet,Operations manager,Bell,"Delson, Quebec, Canada",2026-05,Q2
275277482,Shahanas Babu S,Programmatic Operations Manager,Bell Media,"Toronto, Ontario, Canada",2022-08,Q2
338408594,May Lam,"Operations Manager & Manager of Marketing and Promotions, Local Radio & TV, Bell Media Vancouver",Bell Media,"Greater Vancouver Metropolitan Area, Canada",2021-01,Q2
285970129,Angelo Virgilio,Associate Director - Operations Advisor,Bell,"Toronto, Ontario, Canada",2005-04,Q2
30409727,Jennifer Dell,Vice President Operations,"CloudKettle, a Bell Canada company","Ontario, Canada",2023-02,Q2
154705612,Ziyada Callender,News Operations Manager,Bell Media,"Ottawa, Ontario, Canada",2021-04,Q2
6937267,Juan Malaver,Senior Operations Manager,Bell Mobility,"Greater Montreal Metropolitan Area, Canada",2020-09,Q2
119420905,Holden Kates,Senior Strategy & Operations Manager - Capital Strategy,Bell,"Toronto, Ontario, Canada",2022-11,Q2
777379695,Trevor MacLeod P.Eng.,Director Public Safety Radio & PTT Engineering and Operations & Director Network Access Atlantic,Bell,"Halifax, Nova Scotia, Canada",2022-04,Q2
769224400,Rachel D’Souza,Director Business Operations,Bell,"Greater Toronto Area, Canada",2023-01,Q2
438820001,Robert Dupont,"Technical Operations Manager, IP Broadband, UC, Core Network Delivery & Support Services",Bell,"Timmins, Ontario, Canada",2018-12,Q2
50331021,Jacqulyn Bester,Digital Operations Manager,Bell Media,"Greater Toronto Area, Canada",2026-03,Q2
349620157,Kim Vu,Business Operations Manager,Bell Media,"Toronto, Ontario, Canada",2018-10,Q2
470742711,Sunny Katoch,Operations Manager,Bell,"Toronto, Ontario, Canada",2023-05,Q2
364558614,Kent McPherson,Field Operations Manager - Bell Canada Air Desk,Bell,"Elora, Ontario, Canada",2025-04,Q2
926393818,Robertino Cosentini,Operations Manager,Bell,"Laval, Quebec, Canada",1992-05,Q2
55091720,"Mario Barbieri, MBA",Vice President Operations,Bell,"Montreal, Quebec, Canada",2026-04,Q2
42151315,Megan Fraser,Senior Operations Manager,Bell,"Halifax, Nova Scotia, Canada",2025-12,Q2
577433235,Richard Tennant,Regional Operations Manager,BELL CANADA,"Greater Toronto Area, Canada",,Q2
561299180,Kristin Reid,Partner Support Operations Manager,Bell,"Canada, Canada",2022-03,Q2
273223988,Michael Bondy,Senior Service Operations Manager | Bell Business Markets,Bell,Canada,2025-06,Q2
419467256,Phil Ross,Operations Manager,Bell,"Calgary, Alberta, Canada",2026-02,Q2
151248000,Joe Montano,Associate Director  Operations FIBETV,Bell,"Toronto, Ontario, Canada",2011-04,Q2
613296683,Sherene Sherif,Senior Operations Manager - TV Traffic,Bell Media,"Greater Toronto Area, Canada",2021-11,Q2
498127558,Dana Lohnes,Director Of Operations,Bell,"New Brunswick, Canada",2000-05,Q2
570409825,Andrew Gladish,"Security Operations Manager and Application, Integration & Support Analyst","BCE Nexxia, A Bell Canada Company","Clarence-Rockland, Ontario, Canada",2014-03,Q2
650551073,Glen Saunders,Director - Operations,Bell Canada,"St John’s, Newfoundland and Labrador, Canada",2011-01,Q2
309253067,Alfred Olsen,Customer Operations Manager,Bell Mobility Inc,Greater Halifax Metropolitan Area,2013-06,Q2
465276616,Tony Tang,Ad Operations Manager,Bell,"North York, Ontario, Canada",2024-03,Q2
581003670,Daniel Gomez,Field Operations Manager,Bell,"Canada, Canada",2022-02,Q2
751681650,Sam Voorberg PMP,Director Operations Support,Bell Canada,"Ancaster, Ontario, Canada",,Q2
344170449,Adrian Chung,Base Engagement Operations Manager,Bell Media,"Greater Toronto Area, Canada, Canada",2026-02,Q2
377546543,John Horning,Operations Manager,Bell Canada,"Hamilton, Ontario, Canada",,Q2
505962837,Darryl Evans,Field Operations Manager,Bell,"Penetanguishene, Ontario, Canada",1997-05,Q2
206924012,Abdel Aissioui,Operations Manager,Bell,"Toronto, Ontario, Canada",2007-10,Q2
528150408,Victor Aouad,Customer Support Operations Manager,Bell,Canada,2022-11,Q2
764265894,Paul Glasgow,Operations Manager,Bell Canada/Progistix,"Toronto, Ontario, Canada",2000,Q2
675310626,Jacqueline Lys,Service Operations Manager,Bell,"Greater Toronto Area, Canada, Canada",2019-01,Q2
758237326,Tyrone Marks,Operations Manager,Bell Canada,"Greater Toronto Area, Canada",2005-11,Q2
38900585,Kristina Hansen,Operations Manager (Bell Real Estate),Bell,"Mississauga, Ontario, Canada",2021-11,Q2
884659302,Emmanuel Moniz,Broadcast Operations Manager,Bell,"Greater Montreal Metropolitan Area, Canada",2024-02,Q2
796546699,Edward Upton,Network Operations Manager,Bell,"Winnipeg, Manitoba, Canada",2025-05,Q2
184629625,Jason Lioumanis,Operations Manager - Network transformation,Bell,"Toronto, Ontario, Canada",2023-05,Q2
402382389,Ivan Perkovic,Operations Manager - Bell TV Live Video Headend,Bell,"Greater Toronto Area, Canada",2022-02,Q2
549714906,Matthew Parker,Network Operations Manager,Bell,"Maces Bay, New Brunswick, Canada",2011-03,Q2
835127225,Jeff Burditt,Senior Operations Manager Field Services,Bell,"Mississauga, Ontario, Canada",2023-07,Q2
613780357,Norma DeMarte,Operations Manager,Bell,"Montreal, Quebec, Canada",2017-11,Q2
477113395,Wanda Mcfarlane,Technical Operations Manager,Bell Aliant,"Saint John, New Brunswick, Canada",2009,Q2
748305615,Gerald Demers,Field Operations Manager,Bell Aliant,Canada,2024,Q2
629137938,Michael Chio,"Field Operations Manager, Business Systems Analyst",Bell,"North York, Ontario, Canada",2025-07,Q2
116029483,Andrew M.,Field Operations Manager,Bell Aliant,"Sydney, Nova Scotia, Canada",2022-09,Q2
134888316,Andrew Macphee,Field Operations Manager,Bell Aliant,"Sydney, Nova Scotia, Canada",2022-09,Q2
903662581,Abhilash Menon,Operations Manager,Bell,"Oakville, Ontario, Canada",2020-04,Q2
331968458,Nelson Cruz,Service Provisioning Operations Manager,Bell,"Toronto, Ontario, Canada",2015-03,Q2
736242308,Marc Rotondo,Field Operations Manager - Cable Repair,Bell Canada,"Drummond/North Elmsley, Ontario, Canada",2019-11,Q2
976881731,Nadine Allard,Operations Manager,Bell,"Rigaud, Quebec, Canada",2023-08,Q2
56026937,Chris Stockwell,Operations Manager,Bell,Greater Windsor Metropolitan Area,2013-03,Q2
241989183,David Frappier,"Gestionnaire, exploitation du réseau | Network Operations Manager chez Bell",Bell,"Val-d’Or, Quebec, Canada",2021-10,Q2
521769550,Patricia Scott,Business Operations Manager Bell Canada,Bell Canada,"Keswick, Ontario, Canada",2009-10,Q2
483115344,Amarinder Walia,Store Operations Manager,Bell,"Calgary, Alberta, Canada",2019-08,Q2
214487459,Charlene Flokstra,Broadcast Operations Manager,Bell,Canada,,Q2
380762612,Chad Cunningham,Operations Manager,Bell,"Amherstburg, Ontario, Canada",2005-03,Q2
676532365,Mike Erb,Field Operations Manager,Bell,"Greater Sudbury, Ontario, Canada",2017-11,Q2
487195867,Etienne Bredin,Operations Manager,BCE Combustion Inc.,"Ottawa, Ontario, Canada",2020-09,Q2
264448582,Manuel Robledo,Network Operations Manager,Bell,"Toronto, Ontario, Canada",2017-06,Q2
480996185,Mark Goldsmith,Techincal Operations Manager - ATSO,Bell Aliant,"Saint John, New Brunswick, Canada",2012-07,Q2
300008241,Paul Marc RENE,External Services Operations Manager,Bell,"Montreal, Quebec, Canada",2024-04,Q2
201986361,Frank Greco,Field Operations Manager,Bell,"Toronto, Ontario, Canada",2026-01,Q2
177840528,Darly François-Gélin,Manager - Client Relationship and Service Delivery/Sales Operations Manager,Bell,"Montreal, Quebec, Canada",2021-07,Q2
65895394,Jean-Christian Miron,Operations Manager,Bell,"Saint-Bruno, Quebec, Canada",2007,Q2
640868752,Mike Duplessis,Operations Manager,Bell Aliant,"Saint John, New Brunswick, Canada",2001-02,Q2
73622268,Justin Cain,Field Operations Manager,Bell,"Kenora, Ontario, Canada",2022-01,Q2
184733645,Chantal Dubois,Business Market Operations/ Manager,Bell,Canada,1993-02,Q2
504957876,Ashley Griffin,Operations Manager,Bell,"Burlington, Ontario, Canada",2022-02,Q2
611069764,"Doug Swinamer, B. Eng, PMP",Operations Manager,Bell Mobility,"Halifax, Nova Scotia, Canada",2013-04,Q2
554694452,Michael Jean,Operations Manager,Bell Media,"Capitale-Nationale, Quebec, Canada",2019,Q2
526693594,Gary Walker,Operations Manager,Bell,Canada,2007-11,Q2
27855518,Jordi Ventura,Senior Operations Manager,Bell,"Acton, Ontario, Canada",2022-11,Q2
741357288,Sheila Perry-Long,Technical Operations Manager,Bell Aliant,"Saint John, New Brunswick, Canada",2013-07,Q2
15726134,Chris Swyers,Technical Operations Manager - OCIO Provincial Government Data Center,Bell Aliant,"Logy Bay, Newfoundland and Labrador, Canada",1999-09,Q2
265381765,Joan Lusch,"Associate Director, Operations & Project Delivery","Bell Canada, Wholesale","Aurora, Ontario, Canada",2011-02,Q2
409714349,Khadidja Saibi,Customer Service Operations Manager,Bell,"Canada, Canada",2024-06,Q2
925301524,Kam Dosanjh,Dealer Regional Sales and Operations Manager,Bell,"Richmond, British Columbia, Canada",2007-06,Q2
406336775,Jim Stith,Sr. Operations Manager,Bell,Canada,2000-01,Q2
386275453,Spiros Karagiannis,Field Operations Manager,Bell,"Scarborough, Ontario, Canada",,Q2
112874970,Marc Dagenais,Service Operations Manager,Bell,"Ottawa, Ontario, Canada",2023-02,Q2
311242102,Jeremy Franke,System Operations Manager,Bell,"High River, Alberta, Canada",2025-01,Q2
138012297,Saleem Rana,Order Operations Manager,Bell,"Toronto, Ontario, Canada",1997,Q2
42814872,Mohammad Jameel Ahmed,"Operations Manager, Bell Canada Field Services",Bell,"Greater Toronto Area, Canada",2018-10,Q2
37230141,Derek Herchal,Operations Manager,Bell Canada,"Mississauga, Ontario, Canada",2006-01,Q2
14874463,Katelyn Creed,Field Operations Manager,Bell,"Guelph, Ontario, Canada",2014-07,Q2
449970910,Pawan Singla,Operations Manager,Bell Mobility,Greater Vancouver Metropolitan Area,2005-04,Q2
102219656,Olivier Darveau,Building Operations Manager,Bell,"Montreal, Quebec, Canada",2017-05,Q2
669362618,Clay Metcalfe,Field Operations Manager,Bell,"Sarnia, Ontario, Canada",2013-04,Q2
617840637,Jill Ballantyne,Field Operations Manager,Bell,"Greater Hamilton (Burlington) Metropolitan Area, Canada",2013-11,Q2
723083977,Stephen Calder,Billing Operations Manager,Bell Aliant,"Greater Moncton Metropolitan Area, Canada",2013-04,Q2
338221261,Ed Hawkes,Operations Manager - Data Center Manager,Bell Aliant,"New Maryland, New Brunswick, Canada",2005-08,Q2
51161266,Mark Avery,Operations Manager,Bell Canada,"Toronto, Ontario, Canada",1989-09,Q2
346463592,kristian croker,Field Operations Manager,Bell,"Ontario, Canada",2022-11,Q2
56656423,Jim Stith,Sr. Operations Manager,Bell,Canada,2000-01,Q2
416516117,Amy Robertson,Operations Manager,Bell Aliant Centre,"Charlottetown, Prince Edward Island, Canada",2023-09,Q2
755450954,Dan Gray,Operations Manager,Bell Aliant,"Elizabethtown-Kitley, Ontario, Canada",1977,Q2
976881720,Przemyslaw Rutkowski,System Operations Manager,Bell,"Barrie, Ontario, Canada",2025-01,Q2
204334911,Jason Hinds,Field Operations Manager,Bell Canada,"Greater Toronto Area, Canada",2009-02,Q2
743016178,Michael Oakley,Field Operations Manager,Bell,Canada,,Q2
463541807,Nicole Bonnell,Data Center Operations Manager,Bell,"St John’s, Newfoundland and Labrador, Canada",2020-11,Q2
550096374,Russell Avis,Operations Manager,Bell,"Whitby, Ontario, Canada",2021-12,Q2
374299413,Mohammad Jameel Ahmed,Field Operations Manager,Bell,"Richmond Hill, Ontario, Canada",2003-03,Q2
103017943,william mitchell,Operations Manager,Bell Media,Canada,2015-06,Q2
79301850,Soufiane Sabir,Operations Manager,Bell,"London, Ontario, Canada",2017-05,Q2
343537353,Terry Nelson,Operations Manager,Bell,"London, Ontario, Canada",,Q2
37618093,Saman Sidhu,Operations Manager,Bell,"Mississauga, Ontario, Canada",2021-06,Q2
14668675,Randy Jacobs,Regional Operations Manager,Bell Media,"Wingham, Ontario, Canada",2015-05,Q2
372652156,Joe Piliero,Sales Operations Manager,Bell,"Toronto, Ontario, Canada",2017-08,Q2
281268189,Dianne MacGillivray,Atlantic Network Operations Manager,Bell,Greater Moncton Metropolitan Area,1988-02,Q2
546458929,Cristina Castellanos,System Operations Manager,Bell Canada,"St Constant, Quebec, Canada",1991-11,Q2
429868868,Sandy Gibson,Field Operations Manager,Bell Aliant,"South Frontenac, Ontario, Canada",1977,Q2
824487818,Tia Bogema,Operations Manager,Bell,"Canada, Canada",2026-02,Q2
562752702,Melvin Hunter,Senior Operations Lead - Ip Telephony,Bell Aliant,"New Brunswick, Canada",1974-11,Q2
100651270,Jackie Patrick,Operations Manager Access Engineering Bell,Bell Aliant,"Halifax, Nova Scotia, Canada",1986-05,Q2
626508774,John Schembri,Region Operations Director,Bell Canada,"Ottawa, Ontario, Canada",,Q2
773385621,MacNeil Dale,Network Operations Manager,Bell Aliant,"New Waterford, Nova Scotia, Canada",1997-05,Q2
552443643,Michael Polack,Operations Manager,Bell Mobility,"Mississauga, Ontario, Canada",2007,Q2
792544731,mary smith,Associate Director Operations,Bell Canada,Canada,,Q2
896596525,"Rosie Ivanova MBA, CPA, CMA","Operations Manager, Finance",Bell,"Canada, Canada",2019-10,Q2
678828239,Steve Brown,Field Operations Manager,Bell,"Brant, Ontario, Canada",2014-02,Q2
376185956,Don Hardy,Field Operations Manager,Bell,"St John’s, Newfoundland and Labrador, Canada",,Q2
505053745,Brian Comeau,Network Operations Manager,Bell Aliant,Canada,2006-07,Q2
230201938,Sam Valeri,Operations Manager & Recruiting Manager,Bell,"Ontario, Canada",2016-02,Q2
599770886,Sasha Simic,Operations Manager,Bell Canada,"Ajax, Ontario, Canada",2009-03,Q2
763168004,Cindy Mallette,Associate Director - Operations Project Delivery,Bell Canada,"Montreal, Quebec, Canada",1976-03,Q2
194493621,Ed Hawkes,Operations Manager,Bell Aliant,Canada,,Q2
164245910,Ryan Hart,Technical Director/Operations Floater,Bell Media,"Toronto, Ontario, Canada",2013-09,Q2
675580705,Julie Lamontagne,Director of operations,Bell Canada,"Joliette, Quebec, Canada",,Q2
538209430,Charles Richards,Operations Manager,Bell,"Sutton, Quebec, Canada",,Q2
407924202,Mohammed Djama,Operations Manager,Bell Canada,"Montreal, Quebec, Canada",,Q2
265384839,Evana Valle,Operations Manager,Bell Canada,"Toronto, Ontario, Canada",,Q2
172317788,Alain Clermont,Operations Manager,Bell,"Toronto, Ontario, Canada",2022-07,Q2
845011226,William Costain,Operations Manager,Bell,"Brockville, Ontario, Canada",,Q2
641556909,Leila Smithwood,Operations Manager,Bell,"Delta, British Columbia, Canada",2018-07,Q2
477995229,Jeff Prevost,Wireless Operations Manager - Atlantic Region,Bell Mobility,"Halifax, Nova Scotia, Canada",2006-08,Q2
187224584,Douglas Fowler,Operations Manager,Bell,"St John’s, Newfoundland and Labrador, Canada",2002-05,Q2
176914771,Brian Meechan,Operations Manager,Bell,Greater Halifax Metropolitan Area,,Q2
140283349,Lyle Fernandes,Finance Operations Manager,Bell,"Whitchurch-Stouffville, Ontario, Canada",,Q2
39770304,Chris Houle,Operations Manager,Bell,"Ottawa, Ontario, Canada",,Q2
356754316,Barbara Schneider,Service Operations Manager,Bell,"Etobicoke, Ontario, Canada",,Q2
346796105,"Jay Gosalia B.E, PMP®",Sales Operations Manager,Bell,"Mississauga, Ontario, Canada",2020-09,Q2
204632747,Jennifer Lejeune,Senior Operations Manager,Bell,"Moncton, New Brunswick, Canada",,Q2
172479676,Matt Rossi,Operations Manager,Bell Canada,"Toronto, Ontario, Canada",,Q2
121969718,Pierre Desjardins,Operations Manager Field Forces,Bell Mobility,"Brampton, Ontario, Canada",,Q2
236668407,Amanda Croteau,Workforce Management Specialist - Labor Planning & Execution,Bell,"Richmond, British Columbia, Canada",2024-04,Q3
710602061,Haïfa Adam,Workforce Controller,Bell,"Montreal, Quebec, Canada",2018-07,Q3
756990329,Sébastien Lafond,Vice President - Planning and Workforce Strategy - Technology Services,Bell,"Canada, Canada",2025-06,Q3
253326268,Richard O'Brien,"Senior Manager, Customer Care - Workforce Management",Bell Aliant,"New Brunswick, Canada",2012-10,Q3
759351960,Chioma O.,"Specialist, Subscriber Forecasting",Bell,"Toronto, Ontario, Canada",2025-07,Q3
153750421,Arshdeep Kaur,Client Representative Helpdesk / Escalation and Forecasting,Bell,"Brampton, Ontario, Canada",2025-11,Q3
689588743,Stuart Hayward,Workforce Planner at Bell,Bell,"Halifax, Nova Scotia, Canada",2025-12,Q3
568735163,David Potvin,"Senior Consultant, Workforce Management at Bell",Bell,"Sainte-Thérèse, Quebec, Canada",2018-01,Q3
155781893,Arushi Lal,Forecasting Operations Support,Bell,"Greater Toronto Area, Canada",2025-05,Q3
726128353,Andre Paquet,Workforce management associate,Bell Canada,"Longueuil, Quebec, Canada",2025-06,Q3
762210495,"Jena Baruffa, CPA","Senior Finance Manager, Planning Forecasting & Analysis",Bell,"Montreal, Quebec, Canada",2024-04,Q3
761688159,Fayez Soweid,"Associate - Workforce Controller – VMG –DTH, WHI & BSH",Bell,"Montreal, Quebec, Canada",2020-10,Q3
568164043,Carlos Munoz,Workforce Manager,Bell,"Pointe-Claire, Quebec, Canada",2022-06,Q3
625856674,Chaimaa B.,Analyste de la gestion des effectifs,Bell,"Laval, Quebec, Canada",2026-01,Q3
149328247,justine brownsett,Workforce Planner,Bell,"Canada, Canada",2025-12,Q3
913455184,"Tora Poland, CHRP","Workforce Management, Planner",Bell,"Greater Toronto Area, Canada",2025-12,Q3
158269152,Michele Persaud,Customer Operations Forecasting Specialist,Bell,"Toronto, Ontario, Canada",2010-03,Q3
97311401,"Kim Macdonald, RIBO",Senior Associate - Scheduling Direct Marketing Associate,Bell,Canada,,Q3
307416651,Courtney A.,Workforce Manager,Bell,"Toronto, Ontario, Canada",2023-03,Q3
408334445,Patricia Zotti,manager Workforce management,Bell Canada,"Montreal, Quebec, Canada",2008-04,Q3
724427843,zied Jomaa Seghaier,WFM Forecasting manager,Bell,"Laval, Quebec, Canada",2021-05,Q3
732285637,Yi Zhang,"Senior Manager, Channel Forecasting",Bell,"Toronto, Ontario, Canada",2022-08,Q3
610989586,Vickie Gauthier,Manager Workforce Management Real Time,Bell,"Chambly, Quebec, Canada",2010-04,Q3
343977559,Rada Tsagaris,Resource Forecasting,Bell,"Toronto, Ontario, Canada",2009-11,Q3
222900263,Bryan Nguyen,Planning Budgeting& Forecasting,Bell,"Toronto, Ontario, Canada",2011-10,Q3
109330196,Melissa Fuentes,Specialist Forecasting and Reporting,Bell,"Toronto, Ontario, Canada",2022-12,Q3
56319296,Debbie Borges,Workforce Manager,Bell,"Mississauga, Ontario, Canada",2017-01,Q3
314938787,Vidnorrdh Srishanmugadas,Business Intelligence Analyst – Workforce Management Strategy,Bell,"Greater Toronto Area, Canada, Canada",2026-02,Q3
677947459,Sean Henry,Bell Workforce Manager,Bell,"Greater Toronto Area, Canada",2019-01,Q3
455724044,Nizar Bu Ghanem,Senior Manager -  workforce management / IVR Call Routing,Bell Canada Enterprises,"Blainville, Quebec, Canada",2021-02,Q3
746509370,Simon Lebel,"Senior Manager, Business Inteligence and Workforce Management",Bell Canada,"Saint-Bruno, Quebec, Canada",2014-10,Q3
159702404,Joseph Paul Webb,Workforce Management Specialist,Bell,"Ottawa, Ontario, Canada",2024-02,Q3
844722064,Holly Cain (née Patrick),"Supervisor, On Air Promotions and Scheduling | Crave, HBO & Starz",Bell Media,Canada,2022-02,Q3
679726764,Shawn Rafacz,Workforce Management,Bell,Canada,,Q3
743866942,Chris Shao,"Specialist, Revenue Forecasting & Modelling",Bell,"Greater Toronto Area, Canada",2022-03,Q3
67789154,Danny Fiorino,"Senior Manager, Workforce Management & Advanced Analytics",Bell,"Toronto, Ontario, Canada",2023-02,Q3
681777922,Steven Gnepe,Assoc-Network Resource Mgmt Forecasting,Bell Canada,"Kitchener, Ontario, Canada",2006-04,Q3
98649436,NAYLA AMYUNI,Workforce Management Controller,Bell,"Canada, Canada",2001-07,Q3
100911667,Diana Dagostino,Senior Consultant Workforce Management,Bell,"Montreal, Quebec, Canada",2022-08,Q3
459702844,Martin Landry,Business Intelligence Developer | Field Services | Workforce Management,Bell,"Montreal, Quebec, Canada",2018-09,Q3
162728037,Lourdes Bajana,Manager - Workforce Management,Bell,"Innisfil, Ontario, Canada",2023-10,Q3
134649287,Bernard Guay,Workforce manager,Canadian Wireless - Bell Mobility,"Quebec, Canada",2008-07,Q3
543733641,Naoufel Thabet,Associate director: Forecasting and Analysis,Bell Canada,"Montreal, Quebec, Canada",,Q3
446160996,Zabun Naher,workforce data management,Bell,"Kitchener, Ontario, Canada",2013-09,Q3
24372715,Amy Slabbekoorn,Associate - Project/Process Delivery - Workforce Management,Bell,"Windsor, Ontario, Canada",2017-04,Q3
22455502,Nadine Smith,Mgr Real-time Workforce & Analysis,Bell MTS,"Winnipeg, Manitoba, Canada",2022-01,Q3
336967967,Kenneth Lo,Workforce Management,Bell,"Markham, Ontario, Canada",2015-10,Q3
16941766,Sarp Ozakin,"Analyst, Subscriber Forecasting and Reporting",Bell,Canada,2021-02,Q3
751678835,Rachna Sharma,Workforce Management Specialist,Bell Mobility Cellular Inc.,"Milton, Ontario, Canada",2022-11,Q3
435556414,Colby Rideout,Scheduling Coordinator,Bell,"Witless Bay, Newfoundland and Labrador, Canada",2021-09,Q3
793733421,Wayne Courage,Workforce Manager,Bell Aliant,"Conception Bay South, Newfoundland and Labrador, Canada",2007-02,Q3
637797083,Anass M.,Workforce management speciaist,Bell,Greater Montreal Metropolitan Area,,Q3
684269751,Brahim Nader,Workforce Management,Bell Canada,"Montreal, Quebec, Canada",2011-02,Q3
251739058,Andreea Maglasiu,Forecasting specialist,Bell,"Les Moulins Regional County Municipality, Quebec, Canada",2013-09,Q3
402052770,anika james,Workforce Controller,Bell Canada,Canada,1998-08,Q3
179771507,Larry Northrup,Workforce Management System SME,Bell Aliant,"Bridgewater, Nova Scotia, Canada",2006-10,Q3
452671332,KAI HE,CR-Help/Escalation Desk - Workforce Management,Bell,"Toronto, Ontario, Canada",2023-02,Q3
93768167,Lee Page,Workforce Controller,Bell MTS,"Winnipeg, Manitoba, Canada",2019-11,Q3
174355091,Linda Black,Forecasting & Reporting Specialist,Bell Canada,"Whitby, Ontario, Canada",2011-03,Q3
204365115,Hamid Rouzak,Forecasting & Demand Planning Management,Bell,"Haldimand County, Ontario, Canada",2012-04,Q3
86566444,Neil Huber,Workforce & Operational Effectiveness Manager,Bell,Greater Ottawa Metropolitan Area,2014-02,Q3
606404272,Nancy Camake,"Consultant Workforce Management, Human Resources",Bell,"Montreal, Quebec, Canada",2004-02,Q3
734544838,Kevin Paquin-Dupuis,Workforce and Process Improvement Manager,Bell,"Longueuil, Quebec, Canada",2023-08,Q3
199463912,Maryam Nasr,Workforce Management,Bell,Canada,2008-05,Q3
692428304,Josué Méndez,Workforce Management Specialist,Bell,Canada,2022-03,Q3
535466383,Jean-François Morency,Workforce Management Analyst,Bell,"Rosemere, Quebec, Canada",2018-08,Q3
424977361,Lisa Giangrieco,Manager Workforce Management,BELL MOBILITY LIMITED,Greater Montreal Metropolitan Area,2008-09,Q3
652752658,Ben K.,"Senior Manager, Loyalty & Retention, Churn Insight and Forecasting",Bell,"Brampton, Ontario, Canada",2019-09,Q3
271499478,Robert Golinski,Workforce Analyst,Bell MTS,Greater Winnipeg Metropolitan Area,2021-01,Q3
592416911,Aya El Filali Adib,Strategic Planning & Workforce Lead,Bell Canada,"Toronto, Ontario, Canada",2011-04,Q3
585062273,Ainslie Thomas,Workforce Controller,Bell,"Barrie, Ontario, Canada",2018-04,Q3
291989610,Stephanie Sanderson,Scheduling Rep,Bell,"Halifax, Nova Scotia, Canada",2021-09,Q3
681009042,Amber McInnes,Scheduling Coordinator,Bell Media,"Winnipeg, Manitoba, Canada",2014-07,Q3
402962868,"Christopher Barnes, CPA, CA","Senior Manager, Targets & Forecasting",Bell,Canada,2019-07,Q3
782349248,C Brown,Associate Workforce Controller,Bell,Canada,2021-06,Q3
60668567,Lianne G.,Workforce,Bell Canada,Canada,1995-02,Q3
354860989,Brielle Brewer,Workforce Coordinator,Bell,"Sherwood Park, Alberta, Canada",2023-06,Q3
544974593,dino Mariotti,Workforce Management,Bell,"McDougall, Ontario, Canada",,Q3
22103698,Darin McCulloch,Scheduling Supervisor,Bell Aliant,"Truro, Nova Scotia, Canada",1987-06,Q3
476278298,Cheryl Tower,Workforce Controller,Bell Canada,"Mississauga, Ontario, Canada",1989-11,Q3
175282489,Patricia Scallion,Mgr Humar Resource Planning,Bell Aliant,"Halifax, Nova Scotia, Canada",,Q3
22386649,Josie Rounding,Workforce Controller,Bell Canada,"Mississauga, Ontario, Canada",,Q3
612134729,Richard wistaff,Manager SP&A Workforce Intraday,Bell Business Markets,"Drummond/North Elmsley, Ontario, Canada",,Q3
186381498,Valerie Francis,Workforce Controller,Bell Canada,"Hamilton, Ontario, Canada",,Q3
35508971,Cory Anderson,Associate - Workforce Controller,Bell Canada,"London, Ontario, Canada",2002-04,Q3
449401820,Arnav Banta,Product Owner,Bell,"Greater Toronto Area, Canada, Canada",2022-05,Q4
456614738,Vikrant Sharma,IT Product owner/Manager,Bell,"Toronto, Ontario, Canada",2026-08,Q4
618626231,Vincent Betrancourt,Senior Business Process Consultant,"Ateko, propulsé par Bell Canada","Montreal, Quebec, Canada",2025-06,Q4
795130007,Ines Sellami,Product Manager / Senior Product Owner,Bell,"Montreal, Quebec, Canada",2022-11,Q4
729316925,Benoit Bourcier,Product Owner,Bell,"Montreal, Quebec, Canada",2024-09,Q4
208291549,Jessie Sidhu,Senior Business Systems Consultant,Bell,"Brampton, Ontario, Canada",2020-07,Q4
490296870,Meftaha Lahlou Amine,Senior Business Process Analyst,Bell,Canada,2023-12,Q4
66954887,Marium M.,Product Owner,Bell Media,"Greater Toronto Area, Canada",2025-04,Q4
357835467,Naveed Choudhury,SAFe( Scaled Agile Framework) Product Owner in Bell Business Market,Bell,"Mississauga, Ontario, Canada",2023-02,Q4
806176058,Kate L.,Product Owner,Bell,"Toronto, Ontario, Canada",2024-03,Q4
257365553,Lakshmi N.,Senior Product Owner/Scrum Master/Testing Manager (PMO) | SAFe6® SM | SAFe6®SDP | SAFe6®POPM|,Bell Canada,"Toronto, Ontario, Canada",2012-12,Q4
527367093,Haseeb Pavaskar,Robotics Process Automation Developer,Bell,Canada,2021-07,Q4
248810286,Olakunle OGUNLEYE,ServiceNow Business Process Consultant,"Ateko, backed by Bell Canada",Canada,2022-09,Q4
293729905,Vishal Sharma,Manager - Business Process Consulting ServiceNow,"Ateko, backed by Bell Canada",Canada,2026-01,Q4
360656954,"Suheyla Uluocak, MBA",Business Process Management,Bell,"Toronto, Ontario, Canada",2021-10,Q4
502058553,"Stella I. Okonkwo, MBA",ServiceNow Business Process Consultant,"Ateko, backed by Bell Canada","Airdrie, Alberta, Canada",2026-04,Q4
722567396,Jon Carlon,Senior Manager of Business Process,Bell,Greater Montreal Metropolitan Area,2024-10,Q4
443032322,"Anis Ouddai, B.Ing.",Manager - Business Process Consultant ServiceNow,"Ateko, propulsé par Bell Canada",Canada,2026-01,Q4
953526470,"Shivaram Deenadayalan PMP®,CSM®",Product Owner,Bell,"Brampton, Ontario, Canada",2024-02,Q4
9853978,Mateo Rodrigues,"Product Owner, Technology Services",Bell,"Greater Toronto Area, Canada",2025-12,Q4
442609210,"Pauline Mayer, M.Sc.",Business Process Consultant,"Ateko, backed by Bell Canada",Greater Montreal Metropolitan Area,2025-10,Q4
135279094,Haggai Sarakikya,Software Architect/Full Stack Developer (Robotic Process Automation),Bell,"Toronto, Ontario, Canada",2021-08,Q4
537651648,Divya Saxena,Senior Product Owner,Bell,"Toronto, Ontario, Canada",2025-09,Q4
50274865,Chukwudi Eze,Business Analyst/ Product Owner,Bell,"Calgary, Alberta, Canada",2021-11,Q4
256070127,Kemi A.,Business Process Consultant,"FX Innovation, a Bell Canada Company","Calgary, Alberta, Canada",2025-04,Q4
161090999,Troy German,Business Systems Analyst,Bell Canada,Canada,,Q4
403664269,Shila Andalib,Data Process Automation Specialist,Bell,"Montreal, Quebec, Canada",2022-04,Q4
367802093,Francis Leclair,Servicenow Business Process Consultant,"Ateko, propulsé par Bell Canada","Sainte-Sophie-de-Lévrard, Quebec, Canada",2025-01,Q4
913644780,"Hiram Gildas Daboué, PSPO, CSA, ITIL","Team Lead Business Process Consultant, ITOM & SPM ServiceNow","Ateko, backed by Bell Canada",Canada,2026-03,Q4
696374676,David Grossi,Senior Product Owner - Bell Canada,Bell,"Montreal, Quebec, Canada",2023-05,Q4
191760425,Majid Sweidy,Senior Manager - Business Process,Bell,"Montreal, Quebec, Canada",2023-04,Q4
451347060,Shivam Garg,Senior Product Owner,Bell,"Caledon, Ontario, Canada",2023-07,Q4
670693700,Marie Josée Turgeon,Lead product owner,Bell,"Greater Montreal Metropolitan Area, Canada",2026-04,Q4
653168575,Eloi Minka,"Director, Video Engineering and Business Systems",Bell,"Toronto, Ontario, Canada",2025-02,Q4
443825618,Preethy P.,ServiceNow Consultant & Product Owner,"Ateko, backed by Bell Canada",Canada,2024-05,Q4
256999504,Giuseppe Gomma,"Specialist, Business Process",Bell,"Montreal, Quebec, Canada",2018-05,Q4
340226292,Marcia Swamy,Product Owner,Bell,"Toronto, Ontario, Canada",2023-07,Q4
154492692,Akshi Valji,Product Owner,Bell,Canada,2026-06,Q4
539788494,Diana Uricochea -  PMP® CBAP® SPOPC®,Product Owner,"Ateko, backed by Bell Canada",Canada,2025-09,Q4
433687213,Siddhartha Basu Mallick,Sr Product Manager / Product Owner,Bell,Canada,2023-11,Q4
552041156,Adarsh Kapoor,Business Process Consultant,"Ateko, backed by Bell Canada","Montreal, Quebec, Canada",2026-03,Q4
388480827,Emi A.,Business Process Consultant,"Ateko, backed by Bell Canada","Montreal, Quebec, Canada",2024-09,Q4
315192312,Manon L.,Product Owner,Bell,"Saint-Antoine-sur-Richelieu, Quebec, Canada",2025-02,Q4
62795409,Scott Creighton,"Product Owner, Connected Platforms (Crave, CTV, Noovo)",Bell Media,"Etobicoke, Ontario, Canada",2022-04,Q4
357835408,Hedi Trad,"Product Owner, Automation",Bell,"Montreal, Quebec, Canada",2026-01,Q4
262843243,April Williams,ServiceNow Business Process Consultant/Business Analyst,"Ateko, backed by Bell Canada","Greater Calgary Metropolitan Area, Canada",2025-10,Q4
384927534,Pavani Penmetsa,"Product Owner, Data Engineering - Network Technology services",Bell,Canada,2025-03,Q4
405480589,Karine Pierre,Senior Manager - Business Analysis- Robotic Process Automation (RPA),Bell,"Canada, Canada",2021-07,Q4
471315357,Julie D.,Product Owner,Bell,Greater Montreal Metropolitan Area,2025-12,Q4
70457916,Frank Statti,Business Systems/Process Analyst & Operational Relationship Manager Network,Bell,"Milton, Ontario, Canada",2009-02,Q4
386433674,Samson Chan,Product Owner,Bell,"Canada, Canada",2025-11,Q4
498309971,Alanna Smith,"Senior Product Owner, Digital Entertainment",Bell Media,"Toronto, Ontario, Canada",2018-03,Q4
675464015,Erfan Abbasi,Product Owner- Contact Center AI,Bell,"Montreal, Quebec, Canada",2024-01,Q4
151656825,Asaad Hoozeer,Business Process Consultant,"Ateko, backed by Bell Canada",Canada,2026-04,Q4
588299434,Avdhesh Bansal,Sr. Product Owner/Manager (Technical),Bell,"Greater Toronto Area, Canada",2020-03,Q4
558100306,Cindy Pimentel,"Senior Manager, Business Process",Bell,"Montreal, Quebec, Canada",2023-01,Q4
403895680,Emilie Zaloum,"Director, Business Process Consulting","Ateko, backed by Bell Canada","Calgary, Alberta, Canada",2022-06,Q4
172838495,Jeanine Nahas,Business Process Consultant | ServiceNow Center of Expertise,"Ateko, backed by Bell Canada","Montreal, Quebec, Canada",2026-03,Q4
370189544,Caroline Boudet,Business Process Consultant,"Ateko, propulsé par Bell Canada","Montreal, Quebec, Canada",2025-04,Q4
440319999,Lenka Novic,"Product Owner, Virtual Assistant",Bell,"Toronto, Ontario, Canada",2025-04,Q4
151783269,"Amir Junny, P.Eng",Product Owner - National Wireless Network Performance,Bell,"Greater Toronto Area, Canada, Canada",2025-03,Q4
318962930,Alexandra Stergiotis-Tremblay,"Senior Business Process Consultant, Security Operations","Ateko, backed by Bell Canada","Montreal, Quebec, Canada",2026-01,Q4
103293158,Roderick Morin,Product Owner (under contract),Bell,"Toronto, Ontario, Canada",2026-01,Q4
294607075,Adi Underwood,Product Owner,Bell Media,"Toronto, Ontario, Canada",2020-11,Q4
525197157,Morrie Glaich,Business Process Consultant,"Ateko, backed by Bell Canada",Greater Montreal Metropolitan Area,2025-06,Q4
657877370,Umair Khan,Senior Business Process Consultant,"Ateko, backed by Bell Canada","Toronto, Ontario, Canada",2025-04,Q4
169643447,Haleh Moazzami-,Business Process Consultant,"Ateko, backed by Bell Canada","Oakville, Ontario, Canada",2025-10,Q4
70075728,Roua Ben Salem,"Senior Manager, Business Process @ Bell",Bell,"Toronto, Ontario, Canada",2024-12,Q4
50271476,Philip Shi,AI Product Owner,Bell,"Canada, Canada",2025-04,Q4
542211491,Valerie Leonard,"Senior Manager, Business Process",Bell,"Montreal, Quebec, Canada",2023-04,Q4
545132172,Chloe Menard,Business process consultant,"Ateko, propulsé par Bell Canada",Greater Montreal Metropolitan Area,2025-10,Q4
483962314,Stefan Lamontagne,Product Owner,Bell,"Brossard, Quebec, Canada",2024-06,Q4
407021269,A.J. Rowley,"Product Owner, Video Pipeline",Bell Media,Canada,2020-01,Q4
313641606,"Jocelyn Nespiak, PSPO",Senior Product Owner - Delivery on Connected Platforms & Data & Personalization,Bell Media,"Greater Toronto Area, Canada, Canada",2023-09,Q4
293674409,Mariem Belkhiria,Business process consultant,"Ateko, propulsé par Bell Canada",Greater Montreal Metropolitan Area,2025-09,Q4
140212824,Juliana Uribe,Business Process Consultant,"Ateko, propulsé par Bell Canada",Canada,2024-10,Q4
36687165,"Zakia Belarbi, M.Sc.",Business Process Consultant,"Ateko, backed by Bell Canada","Greater Montreal Metropolitan Area, Canada",2025-09,Q4
284984350,Steeve Arthur,Team Lead Product Owner,Bell,"Montreal, Quebec, Canada",2021-08,Q4
107930107,Simon Avetisian,Business Systems Analyst - IT & Cybersecurity Product Owner,Bell,Canada,2022-12,Q4
293411618,Raïssa Kappe,Senior Product Owner,Bell,Canada,2021-04,Q4
309631023,Parisa Rudzki,Product Owner RAN Automation,Bell,"Calgary, Alberta, Canada",2022-02,Q4
246530677,Rhea Basu,Senior Application Product Owner,Bell,"Greater Toronto Area, Canada",2022-10,Q4
304519378,Alec Chalvardjian,Application Business Systems Support Analyst,Bell Media,Canada,2019,Q4
78098528,Thuy-Lan Vu,"Product Owner, Ops System Design",Bell,"Greater Toronto Area, Canada",2024-09,Q4
85774109,Jad Ghie,Product Owner,Bell,Greater Ottawa Metropolitan Area,2024-03,Q4
258268789,Fany Chavez,Product Owner ServiceNOW,Bell,"Sainte-Catherine, Quebec, Canada",2022-06,Q4
240051654,Mark Gyurcsik,"Associate Director, Business Process Architect (QA)",Bell,"Greater Toronto Area, Canada, Canada",2013-07,Q4
200214835,Rakhi Anand,Senior Business Analyst/Product Owner,Bell,Canada,2020-11,Q4
424297788,Geneviève Thibault,Conseillère en processus d’affaires ServiceNow / ServiceNow Business process Consultant,"Ateko, propulsé par Bell Canada","Shawinigan, Quebec, Canada",2025-04,Q4
767431276,"Crissmol Varghese MBA,SAFe certified, CSM",Specialist/Product Owner,Bell,"Toronto, Ontario, Canada",2024-12,Q4
9915358,Mbali Ngwenya,ServiceNow Business Process Consultant,"Ateko, backed by Bell Canada","Greater Montreal Metropolitan Area, Canada",2024-04,Q4
515867237,Billy Grewal,Senior Business Analyst/Product Owner - Wireless IT,Bell Canada,"Mississauga, Ontario, Canada",2010-11,Q4
769913817,Linda Castelletti,Corporate Business Process Improvement Director,"Ateko, backed by Bell Canada",Canada,2025-02,Q4
697817482,Mansi Thind,Product Owner - Virtual Assistant,Bell,"Greater Toronto Area, Canada",2025-03,Q4
452731620,Karunesh Narayan,Product Owner|Business Analyst,Bell,"Ottawa, Ontario, Canada",2007-08,Q4
136953189,Muazam ALI,Product owner,Bell,"Montreal, Quebec, Canada",2023-03,Q4
335171787,Heather Blaine,Senior Product Owner,Bell,"Ottawa, Ontario, Canada",2025-06,Q4
506429255,Georgina Elia,Business Process Consultant,"Ateko, backed by Bell Canada",Greater Montreal Metropolitan Area,2025-10,Q4
50833265,Daniel Gariepy,"Specialist, Business Process Blueprint team",Bell,"Montreal, Quebec, Canada",2016-02,Q4
712457328,Eric Corazzola,Product Owner - Network and Technology Services,Bell Media,"Greater Toronto Area, Canada, Canada",2025-04,Q4
14971186,Stephanie Bell,"Director, Business Process at Bell Canada",Bell,"Ottawa, Ontario, Canada",2019-09,Q4
16127484,Steffi Calouche,Business Process Specialist,Bell,Greater Montreal Metropolitan Area,2021-01,Q4
119381787,Emily Stronach,Strategic Business Transformation - Business Process Manager,Bell,"Toronto, Ontario, Canada",2026-06,Q4
540546536,Shilpa Bansal,Senior Product Owner,Bell,Canada,2023-11,Q4
305752751,Tanya Jonasson,"Senior Manager, Business Process",Bell,"Vancouver, British Columbia, Canada",2022-09,Q4
726106658,Melissa Butalid,Senior Advisor - Business Process - Sales Optimization,Bell,"Mississauga, Ontario, Canada",2023-01,Q4
50580295,Matthew Mandelzys,Product Owner,Bell,Greater Montreal Metropolitan Area,2024-01,Q4
30735143,Charles Fisher,Business Process Consultant,"Ateko, backed by Bell Canada","Montreal, Quebec, Canada",2024-11,Q4
509604442,Arthur Yeung,Customer Strategy & Business Process,Bell,"Toronto, Ontario, Canada",2023-06,Q4
739101334,Ishaa Mahmood,Product Owner,Bell,"Toronto, Ontario, Canada",2024-09,Q4
242979351,Tudor Udroiu,Senior Product Owner,Bell,"Richmond Hill, Ontario, Canada",2024-08,Q4
535489045,Anisha Basra,"Product Owner, Voice Virtual Assistant",Bell,"Oakville, Ontario, Canada",2026-04,Q4
287389595,Malcom-mitch Joseph,Business process consultant - ServiceNow,"FX Innovation, une compagnie de Bell Canada","Montreal, Quebec, Canada",2025-01,Q4
652124401,Danielle Breslin,Senior Product Owner,Bell Media,Canada,2022-10,Q4
697437891,David Lair,"Senior Advisor, Business Process",Bell,"Greater Toronto Area, Canada, Canada",2022-09,Q4
488318589,Bharut Sandhu,Business Systems Analyst | Digital Customer Experience,Bell,"Mississauga, Ontario, Canada",2022-03,Q4
87690230,Nonso Ndukwe MSc/BSc/PMP ®,Scrum Master (Robotic Process Automation),Bell,"Edmonton, Alberta, Canada",2022-07,Q4
590294943,Terence Saar,Senior Advisor Business Process & Analysis,Bell Mobility Cellular Inc.,"Mississauga, Ontario, Canada",2003-03,Q4
854291865,Rommel Ravneet Singh Pawar,Product Owner (Strategy and Insights),Bell,Greater Vancouver Metropolitan Area,2023-04,Q4
564476370,Hua T.,"Project Manager, Product Owner",Bell,"Toronto, Ontario, Canada",2025,Q4
331142812,Sathish Kumar,Product Owner | Technical Product Manager,Bell,"Mississauga, Ontario, Canada",2023-10,Q4
281769445,Christine Daniels,Senior Applications Business Systems Support | Media Solutions | Project Management|,Bell Media,"Greater Toronto Area, Canada",2017-10,Q4
606781563,Pierre Clapperton Richard,Business Process Consultant,"Ateko, backed by Bell Canada","Montreal, Quebec, Canada",2024-03,Q4
805624866,MANIKANTA D,"Technical Product Owner, IT Delivery",Bell,"Greater Toronto Area, Canada",2022-12,Q4
771021954,Farrukh Rao,Product Owner/BSA @Bell (worked as Consultant)Sryas.,Bell Canada,"Burlington, Ontario, Canada",2022-09,Q4
366146797,Karthika Manohar,Product Owner,Bell,"Mississauga, Ontario, Canada",2023-02,Q4
255354738,Christopher Norman,Product Owner,Bell,"Dartmouth, Nova Scotia, Canada",2023-09,Q4
392229211,Eric Magditsch,Business Systems Analyst,Bell,"Brampton, Ontario, Canada",2010-11,Q4
741502243,Ghislain Pagé,Product Owner,"Ateko, backed by Bell Canada","Trois-Rivières, Quebec, Canada",2025-03,Q4
689292888,Raha Gharadaghi,Product Owner,Bell,Canada,2026-01,Q4
683294925,Tara Lavallée,"Senior Manager, Business Process- Direct Channel",Bell,Canada,2021-10,Q4
130161681,Akhilesh Mathur,Product Owner,Bell,"St Constant, Quebec, Canada",2021-11,Q4
945090740,Dominic C.,Product owner,Bell,Canada,2024-06,Q4
266442338,Pierre GAUDREAULT,Product Owner,Bell,Greater Montreal Metropolitan Area,2022-03,Q4
379669868,Maddy Cain,Product Owner,Bell,"Halifax, Nova Scotia, Canada",2026-01,Q4
344401003,Delphine SON,Product Owner Consultant at BELL,"Ateko, backed by Bell Canada","Montreal, Quebec, Canada",2025-06,Q4
164637339,Abzal Ahmed,Senior Product Owner,Bell,"Greater Toronto Area, Canada",2025-01,Q4
378117530,Kerrie Stock,Business Process Specialist,Bell,Canada,2022-05,Q4
553867478,Simon Boisvert,"Team Lead, Business Process Consultant","Ateko, backed by Bell Canada","Gatineau, Quebec, Canada",2026-05,Q4
88166820,Jessica Perna,Senior Manager Business Process,Bell,"Toronto, Ontario, Canada",2018-10,Q4
106956607,Kayne Padua,"Application Developer, Robotic Process Automation",Bell,"Oakville, Ontario, Canada",2018-03,Q4
843803431,"Joe Salluce, PMP, SSM, SDP","Senior Product Owner, Bell Digital",Bell,"Vaughan, Ontario, Canada",2021-10,Q4
552194314,Nerujan Sivanesan,Business Process Specialist,Bell,"Toronto, Ontario, Canada",2022-08,Q4
18856155,Anthony Hodkinson,Product Owner,Bell Media,"Toronto, Ontario, Canada",2016-03,Q4
53664834,Melissa Stewart,"Senior Product Owner, Cloud FinOps",Bell,"Saint John, New Brunswick, Canada",2025-09,Q4
764620441,Cindy Mackenzie,Product Owner,Bell,"Halifax, Nova Scotia, Canada",2022-02,Q4
446052348,Luis Eduardo Romero Garcia,Product Owner Cloud Security Team,Bell,"Montreal, Quebec, Canada",2022-04,Q4
497365164,Clément Dalmas Zappa,Business Process Consultant,"Ateko, backed by Bell Canada","Montreal, Quebec, Canada",2025-07,Q4
698438254,Afolabi Odesanya,Lead Business Systems Analyst,Bell,"Ottawa, Ontario, Canada",2023-08,Q4
439016577,Stacey Betop,Business Systems Analyst,Bell Canada,"Brampton, Ontario, Canada",1999-01,Q4
349967865,Paulina Peykov,Product Owner (IT Delivery - Service & Network Assurance),Bell,"Montreal, Quebec, Canada",2026-01,Q4
418524882,Aissam Mahhou,Product Owner,Bell,"Greater Montreal Metropolitan Area, Canada",2024-05,Q4
628542836,Graydon O'Blenes,Sr. Product Owner - Geospatial Services,Bell,Greater Calgary Metropolitan Area,2022-10,Q4
304181509,"Jingyi (Veronica) Cai, POPM",Product Owner,Bell Media,"Waterloo, Ontario, Canada",2025-04,Q4
62054752,"Harmanpreet Kaur, CSM®",Product Owner,Bell,"Mississauga, Ontario, Canada",2024-06,Q4
152754122,Genevieve Gagne,Business Process Consultant,"Ateko, propulsé par Bell Canada",Canada,2025-05,Q4
222712767,Stuart MacDougall,Product Owner - Android Based STB,Bell,Canada,2020-02,Q4
702130755,Solimar Contreras,IT Business Analyst/IT Product Owner,Bell,"Montreal, Quebec, Canada",2020-08,Q4
524413489,Laurence Larocque,Senior Product Owner Mobile App & Web - Leading Cross-Functional Teams in High-Pressure Environment,Bell,Greater Montreal Metropolitan Area,2022-08,Q4
639057005,Elizabeth Snow,"Product Owner, Customer Experience",Bell Media,"Toronto, Ontario, Canada",2020-03,Q4
59243640,Quoc Tuan Hoang,Product Owner,Bell,"Montreal, Quebec, Canada",2023-05,Q4
768568442,Sébastien Tremblay,Product Owner for Microsoft 365 Support Operations,Bell,"Kanata, Ontario, Canada",2022-01,Q4
287986394,Reade Domazar,Senior Product Owner,Bell,"Toronto, Ontario, Canada",2025-04,Q4
536582047,Jeff Ingalls,Product Owner,Bell,"Saint John, New Brunswick, Canada",2022-10,Q4
196839996,Laura Prieto,Operational Excellence Sr Advisor,Bell,"Canada, Canada",2016-08,Q4
143235887,Helen Audi,Senior Product Owner,Bell Media,"Montreal, Quebec, Canada",2024-05,Q4
264153771,"Virginia Ma, MBA, CMA, PMP",Senior Business Systems Analyst - Wireless,Bell Canada,"Toronto, Ontario, Canada",,Q4
228698223,Archsanan Srimurugathasan,Senior Manager - Business Process / Performance,Bell,"Toronto, Ontario, Canada",2026-04,Q4
472331557,Karen Gaucher,Business Systems Analyst/ Project Manager,"Bell.ca, Bell Canada","Ottawa, Ontario, Canada",2011-11,Q4
421351149,Mary Karadzovski,Business Systems Support Advisor,Bell Mobility,"Toronto, Ontario, Canada",2010-04,Q4
255101371,Aanchal Sharma,Senior Product Owner,Bell,"Toronto, Ontario, Canada",2024-06,Q4
558738821,Modeste Akouete,Business Process Consultant,"Ateko, backed by Bell Canada",Canada,2025-09,Q4
412410973,Svjetlana Puric,Product Owner,Bell Media,"Toronto, Ontario, Canada",2025-04,Q4
672634192,Roxane Urbano,Certified SAFe Product Owner/Product Manager,Bell,Canada,2023-08,Q4
598448787,Daniel Errett,Senior Manager - Business Process,Bell,"Gatineau, Quebec, Canada",2022-12,Q4
7831699,Kyle Jemison,"Senior Manager, Operations & Business Process",Bell MTS,"Winnipeg, Manitoba, Canada",2020-08,Q4
538302847,Piraphu Rajamohan,Senior Product Owner,Bell,"Greater Toronto Area, Canada",2022-03,Q4
361644209,Christine A Fortin,Senior Manager  Business Process,Bell,"Montreal, Quebec, Canada",2014,Q4
250877322,Alessia E.,"Product Owner, Video Content",Bell Media,"Toronto, Ontario, Canada",2019-01,Q4
240667326,Leilani Araus,Business Process Analyst,Bell,"Greater Toronto Area, Canada",2023-10,Q4
32694108,Samson Wong,Product Owner,Bell,"Canada, Canada",2026-05,Q4
560998315,Jeff Dempster,Business Systems Analyst,Bell Canada,"Mississauga, Ontario, Canada",2015-08,Q4
403231399,Gary Paul,"Senior Manager, Business Process",Bell,Canada,2021-08,Q4
134319287,Guillaume Plante,"Product Owner, Digital Services",Bell,"Montreal, Quebec, Canada",2025-09,Q4
179516554,Janice Usypchuk,"Manager, Client Service Operations/ Gestionnaire, exploitation serv.client/Product Owner",Bell,"Greater Montreal Metropolitan Area, Canada",2014-04,Q4
440282527,Tori Allan,Senior Product Owner,Bell,"Toronto, Ontario, Canada",2025-04,Q4
107829379,Dan Cronin,Product Owner - Video CDN,Bell,"Canada, Canada",2024-01,Q4
273418447,Laura Tran,Product Owner,Bell,Canada,2023-03,Q4
471937629,Marie-Ève Ferland,Product Owner,Bell,Greater Montreal Metropolitan Area,2001-07,Q4
336306822,Yasmine Ben Djebara,Product Owner,Bell,"Montreal, Quebec, Canada",2025-05,Q4
157051444,Marika Fellegi,Product Owner,Bell,"Montreal, Quebec, Canada",2020-01,Q4
207948187,Kaiyan(Violet) Jiang,"Manager, Digital Business Process",Bell,"Toronto, Ontario, Canada",2024-04,Q4
911923244,SriLakshmi P.,Business Analyst/Product Owner,Bell,"Mississauga, Ontario, Canada",2019-07,Q4
43007984,Mayur Kapuria,Product Owner,Bell,"Toronto, Ontario, Canada",2025-02,Q4
558088777,Awa D.,Senior Technical Architect - Technical Product Owner,Bell,Greater Ottawa Metropolitan Area,2023-06,Q4
618303892,Mariam Sahebzada,"Business Process Specialist, Customer Operations & Sales",Bell,Canada,2022-01,Q4
291164365,Christia Gardiola,"Product Owner, Video Workflow",Bell Media,"Greater Toronto Area, Canada",2019-09,Q4
397127611,Yanik Chouinard,Senior Solutions Architect / Product Owner,Bell Canada,Canada,2002-05,Q4
428700984,Meenakshi N.,Product Owner,Bell,"Greater Toronto Area, Canada, Canada",2019-06,Q4
633039598,Aaron Morse,Senior Business Process Consultant,Bell,"Greater Toronto Area, Canada",2025-10,Q4
284198433,"Ursula Mayta, MBA",Product Owner,Bell,"Oakville, Ontario, Canada",2019,Q4
744306805,Carolyn Mason,Product Owner,Bell,"Ajax, Ontario, Canada",2023-01,Q4
724986896,Marc Nowlan,Product Owner Bell Email Services,Bell,"Saint John, New Brunswick, Canada",2000-01,Q4
96995568,"Amy Barbour, BComm","Senior Advisor, Business Process",Bell,"Dartmouth, Nova Scotia, Canada",2022-11,Q4
72808656,Rohith Reddy Katipally,Product Owner,Bell Media,"Fredericton, New Brunswick, Canada",2022-06,Q4
336854473,Nigel D.,Product Owner,Bell Media,"Ajax, Ontario, Canada",2022-10,Q4
428219603,David. Carrier-Moisan,Product Owner,Bell,"Capitale-Nationale, Quebec, Canada",2026-01,Q4
361405386,Chantal Wong,Business Process Specialist,Bell,"Toronto, Ontario, Canada",2020-09,Q4
31699345,Natalie Matas,Senior Product Owner,Bell,"Greater Toronto Area, Canada, Canada",2025-03,Q4
920947565,Laxman Mahendran,"Senior Manager, Business Process",Bell,"Greater Montreal Metropolitan Area, Canada",2026-01,Q4
762000139,Jessica Wong,Senior Product Owner,Bell,"Markham, Ontario, Canada",2023-01,Q4
267475587,Liam Bigras,Intelligent Automation Professional,"Ateko, backed by Bell Canada","Boisbriand, Quebec, Canada",2026-04,Q4
336827807,Magatte Diop,Product Owner,Bell,Canada,2022-08,Q4
19166489,Gabriel Vaillancourt,Technical Product Owner - Okta Admin,Bell,Greater Montreal Metropolitan Area,2026-04,Q4
221751213,Heidi Hoffman,Senior Product Owner,Bell,Canada,2025-03,Q4
634463397,kulwinder sodhi,Senior Product Owner,Bell MTS,"Winnipeg, Manitoba, Canada",2020-01,Q4
243736844,Yandi (Lyla) Xie,Product Owner,Bell,"North York, Ontario, Canada",2018-04,Q4
786632426,Charles Kwofie,Business Process Management Specialist,Bell,"Greater Toronto Area, Canada",2009-03,Q4
138040587,Mark Smith,Senior Digital Product Owner,Bell,"Greater Toronto Area, Canada",2022-10,Q4
897769109,Alex McDonald,Senior Product Owner,Bell,"Longueuil, Quebec, Canada",2019-11,Q4
164482855,Tarik Mejjati,"Spécialiste, processus d'affaires/Specialist, Business Process",Bell,Greater Montreal Metropolitan Area,2010-08,Q4
431082474,Timothy Park,Senior Product Owner (Network Automation AIOps),Bell,Greater Montreal Metropolitan Area,2024-02,Q4
779676964,Ruishen Tan,Business Process Automation - CP2 Manager,Bell,"Toronto, Ontario, Canada",2022-06,Q4
544255005,Kris de Man,Product Owner,Bell,"Quispamsis, New Brunswick, Canada",2024-03,Q4
762934489,Mohamed Lechaa,Business Process Specialist,Bell,"Montreal, Quebec, Canada",2019-12,Q4
740853058,Carla Santos,Business-Systems Analyst,Bell Canada,Greater Montreal Metropolitan Area,2001-12,Q4
839940905,Deen Lalor,Product Owner,Bell Media,"Toronto, Ontario, Canada",2023-01,Q4
215899568,Louise Laframboise,Product Owner,Bell,"Dorval, Quebec, Canada",2022-03,Q4
718513578,Melanie St-Jean,Product Owner - Shared Services,Bell,"Gatineau, Quebec, Canada",2025-12,Q4
521845482,Ed Hrycyk,Business Systems Analyst,Bell,"Mississauga, Ontario, Canada",1993-01,Q4
704295484,Andre Phong Nguyen,Business Process Specialist,Bell,Greater Montreal Metropolitan Area,2023-09,Q4
755629032,Mary Mae Abastas,Business Systems Analyst,Bell Canada,"Toronto, Ontario, Canada",2012-03,Q4
618563127,Yuvraj Nanuan,Technical Product Owner,Bell,"Canada, Canada",2022-12,Q4
263618444,Sylvain Desjardins,Business Process Specialist,Bell,"Ottawa, Ontario, Canada",2021-09,Q4
330009411,ALAA MOUELHI,Business Process Specialist,Bell,"St-Lambert, Quebec, Canada",2018-03,Q4
675027098,Jim Uhryniuk,Product Owner,Bell,"Winnipeg, Manitoba, Canada",2023-11,Q4
200573912,Oscar Ivan Mojica,Product Owner,Bell,"Montreal, Quebec, Canada",2023-01,Q4
96953717,Sherry Desiatnyk,Product Owner,Bell MTS,"Steinbach, Manitoba, Canada",2023-05,Q4
108632118,Cynthia Liu,Business Process Specialist,Bell,Canada,2018-01,Q4
551830370,Susan M.,"Business Systems Analyst, Finance",Bell,"Rothesay, New Brunswick, Canada",2016-07,Q4
347838423,Chloe Smith,Retail Product Owner,Bell,Canada,2025-02,Q4
381628094,Nizar El-Merhabi,Business Process Specialist,Bell,Greater Ottawa Metropolitan Area,2023-09,Q4
359405209,Karen Dunphy,Business Process Analyst,Bell Aliant,"Eastern Passage, Nova Scotia, Canada",1977-07,Q4
486588599,Jean-Sebastien Bleau,Product Owner - Business Transformation,Bell,"Greater Montreal Metropolitan Area, Canada",2023-01,Q4
286855371,Jody Steen,Product Owner,Bell,"Canada, Canada",2024-07,Q4
21233935,Marie-Josee Belanger,Business Process Specialist,Bell,"Canada, Canada",2011-09,Q4
506133929,Nathalie Groulx,Business Process Specialist,Bell,Canada,2016-05,Q4
158439771,Elgin McMillan,Associate Director Business & Systems Development,Bell Canada Fleet Solutions,"Toronto, Ontario, Canada",1993,Q4
450434827,Su Agincourt,"Director, Business Process Re-Engineering",Bell Media,"Toronto, Ontario, Canada",,Q4
404830765,Mihaly Miklos,Senior Product Owner,Bell,"Greater Toronto Area, Canada, Canada",2026-01,Q4
220029016,Elie Baho,Business Process Consultant,"Ateko, backed by Bell Canada","Montreal, Quebec, Canada",2025-11,Q4
8385792,Michael De'Souza,Business Process Specialist,Bell,"Gatineau, Quebec, Canada",2021-12,Q4
424901566,Ghada Touil,Engagement Manager- Service delivery,"Ateko, backed by Bell Canada","Montreal, Quebec, Canada",2025-11,Q5
202882104,Célia Lamarche,"Vice President, Applied AI and Operations Support",Bell,"Montreal, Quebec, Canada",2026-04,Q5
371711,Patrizia Baruffa,Service Delivery Director,"Ateko, backed by Bell Canada","Montreal, Quebec, Canada",2026-01,Q5
151350622,"Bevelyne Ingari, MBA, PMP®",Sales Operations Support,Bell,"Toronto, Ontario, Canada",2025-12,Q5
460386338,Jean-Claude Lefebvre,Senior Service Delivery Manager,Bell,"Montreal, Quebec, Canada",2022-12,Q5
295781433,Sangeeta Vishwanath,Senior Account Manager- Client Service Delivery,Bell,"Toronto, Ontario, Canada",2023-02,Q5
16829161,Frank Carito,"Senior Manager, Operations Support",Bell,"Greater Toronto Area, Canada",2023-06,Q5
920373646,Sandra Chaybeh,Senior Project Manager - IT Service Delivery - ServiceNow,"Ateko, backed by Bell Canada",Greater Montreal Metropolitan Area,2023-09,Q5
299021910,Megha Jain,"Specialist, Core Network Operations & Support",Bell,"Toronto, Ontario, Canada",2021-06,Q5
634604858,Armine Vardanyan,Operations Support Analyst,Bell,Canada,2018-06,Q5
301103700,Aurélien JARRY,"Senior Account Manager, Client service delivery",Bell,"Montreal, Quebec, Canada",2025-01,Q5
227766078,Tresor Dunia,Service Delivery Director,"Ateko, backed by Bell Canada","Canada, Canada",2026-02,Q5
506142366,Sofia Ahmad,"Vice President, Assistant Controller & Shared Services",Bell,"Canada, Canada",2021-01,Q5
120786878,Natasha Jabbour,Service Delivery Director,"Ateko, propulsé par Bell Canada","Montreal, Quebec, Canada",2026-03,Q5
5651190,Katherine Tran,"Project Manager, Shared Services",Bell,"Greater Toronto Area, Canada",2025-01,Q5
66968580,"Aaron Stiavnicky, CSM, CSPO",Director - Supply Chain & Network Shared Services,Bell,"Scarborough, Ontario, Canada",2024-05,Q5
514185049,Kim Pilon,Engagement Manager Team Lead – Service Delivery,"Ateko, propulsé par Bell Canada","Montreal, Quebec, Canada",2025-10,Q5
609129931,"Bruno-Philippe Desfosses Simard PGMP, PMP",Senior Project Manager - IT Service Delivery,"Ateko, backed by Bell Canada","Repentigny, Quebec, Canada",2025-02,Q5
730983622,Jean-Philippe Tremblay,Responsable de la transformation,Bell,"Greater Montreal Metropolitan Area, Canada",2019-06,Q5
96700426,"Khaled Hamdi, MBA, ITIL","Senior Manager, Operations Support",Bell,Canada,2023-07,Q5
482674291,Andrea Hart,"Senior Manager, Operations Support",Bell,"Toronto, Ontario, Canada",2021-09,Q5
24402261,Chrissy Bilodeau,Director Contract Management and Network Shared Services,Bell,"Toronto, Ontario, Canada",2024-05,Q5
150457706,Melissa A Guter,"Senior Manager, Supply Chain (Product Fulfillment and Reverse Logistics)",Bell,"Canada, Canada",2001-12,Q5
307089475,Annie B Thompson,Service Delivery Manager,Epic A Bell MTS Company,"Canada, Canada",2024-12,Q5
593491181,Sherrie Turner,Service Delivery Manager,Epic A Bell MTS Company,"Winnipeg, Manitoba, Canada",2023-08,Q5
766799613,Marc Rousseau,"Senior Manager, Operations support - Transformation - Problem Management",Bell,"North Lancaster, Ontario, Canada",2017-08,Q5
505831183,Steve Price,"Director, Inventory Management and Channel Fulfillment",Bell,"Georgetown, Ontario, Canada",2013-08,Q5
530778232,Kristina Cresswell,Process Improvement Manager - Applied AI & Operations Support,Bell,"Canada, Canada",2026-03,Q5
639684694,Karthikeyan Thiagarajan,Senior Service Delivery Manager,Bell,Canada,2019-12,Q5
29895996,Nigel Guerin,"Manager, Enterprise Service Delivery",Bell,Canada,2020-02,Q5
346997450,"Simon Frappier, cfa","Director, Pricing, Sales & Operations Support","Ateko, backed by Bell Canada",Canada,2025-01,Q5
528147606,Andrew Follett,Shared Services Project Manager,Bell Aliant,"Mount Pearl, Newfoundland and Labrador, Canada",2014-08,Q5
435594713,Sukhvir Singh,"Manager, Client Relationship & Service Delivery",Bell Canada,"Montreal, Quebec, Canada",2002-03,Q5
841610494,Diana Trejgo,"Manager, Voice Service Delivery  (Mid/Large Market)","BCE Nexxia, A Bell Canada Company","Toronto, Ontario, Canada",2013-03,Q5
167166286,Phil Magri,Information Technology Operations Support,Bell,"Montreal, Quebec, Canada",2021-06,Q5
431242061,Chris Bennett,Consultant - Sales Fulfillment,Bell Canada,"Milton, Ontario, Canada",2003-03,Q5
265347737,Greg MacDonald,Operations Support,Bell,"Sydney, Nova Scotia, Canada",2024-07,Q5
568998073,Paul Leblanc,Consultant Sales Fulfillment,Bell Canada,"Montreal, Quebec, Canada",2011-01,Q5
705362398,Carolyn Stewart,"Process & Planning Analyst, Shared Services",Bell Canada,"Greater Toronto Area, Canada",2010-07,Q5
39627505,Napoleon Bowie,Senior Manager Operations Support,Bell,"Ottawa, Ontario, Canada",2015-12,Q5
227748399,Brent Fawcett,"Senior Manager, Operations support | Gest. principal, support aux opérations",Bell,"Ajax, Ontario, Canada",2022-06,Q5
55796785,Gina Portincasa,"Senior Manager, Business Analysis & Operations Support",Bell,"Whitby, Ontario, Canada",2016-02,Q5
837028484,Rhiz Langemann,Project Manager- Experience Delivery & Business Intelligence (Shared Services),Bell,"Mississauga, Ontario, Canada",2019-10,Q5
96158761,Denis Beaudry,Service Delivery Manager,Epic A Bell MTS Company,"Winnipeg, Manitoba, Canada",2024-10,Q5
291811516,Guillaume Senecal,Service Delivery Director,"Ateko, backed by Bell Canada","Chambly, Quebec, Canada",2026-03,Q5
121451048,Aurora Casale,"Senior Project Manager, Innovation & Shared Services",Bell Media - Astral,"Montreal, Quebec, Canada",1995-04,Q5
721473409,Edward Choi,"Specialist, Operations Support",Bell,"Barrie, Ontario, Canada",2024-04,Q5
967876553,"Harjit Saini, MSC","Operations Support, Planning and Reporting",Bell,"Calgary, Alberta, Canada",2024-02,Q5
446057963,Tracy Cournoyer,"Senior Manager, Business Intelligence, Fulfillment",Bell,"Winnipeg, Manitoba, Canada",2023-05,Q5
849790842,Jennifer Millions,Service Delivery Manager,Epic A Bell MTS Company,"Canada, Canada",2022-02,Q5
180541969,John H.,Operations Support,Bell,"Abbotsford, British Columbia, Canada",2024-09,Q5
701108131,Brenda Peralta,Senior Business Intelligence Developer - Fulfillment,Bell,Canada,2025-02,Q5
734185862,Daniel Legge,"Senior Manager – Voice Services, Infrastructure and Transformation",Bell Canada,"Canada, Canada",2019-01,Q5
45653465,taryn ulley,Assoc-Human Resources Transaction Mgmt,Bell,"Dorval, Quebec, Canada",2021-01,Q5
700206198,Jacqueline LeBlanc,Operations Support Consumer & SMB,Bell,"Barrie, Ontario, Canada",2023-11,Q5
91254213,Reda Chahdaoui,Sales Support and Order Processing Specialist,Bell,"Ottawa, Ontario, Canada",2023-07,Q5
712876849,Sama Rahimian,Developer Operations Support,Bell Canada,"London, Ontario, Canada",2022-07,Q5
457273499,Adam Cummings,Sales Operations Support,Bell,"Canada, Canada",2024-04,Q5
289663228,"Josianne Hoffman, PMP",Senior IT BA - Corporate Systems - Finance Systems and Supply Fulfillment Delivery,Bell Canada,"Barrie, Ontario, Canada",2021-01,Q5
234190291,Daniel Ray Casabuena,Operations Support Analyst,Bell,"Hamilton, Ontario, Canada",2024-10,Q5
242719243,Robert Howard,"Manager, Software Development - Video Processing",Bell Media,"Greater Toronto Area, Canada",2023-01,Q5
581849678,Lorraine Andrews,"Senior Manager, Client Service Delivery",Bell,"Mississauga, Ontario, Canada",2010-10,Q5
31565180,Teresa Wood,"Senior Manager - Network Shared Services, Business Intelligence",Bell,"London, Ontario, Canada",2022-03,Q5
655028017,Colin Waldschutz,"Senior Manager, Operations Support",Bell,"Saint John, New Brunswick, Canada",2022-01,Q5
308998692,Josh Jansen,"Operations Support, Planning and Reporting",Bell,Canada,2025-05,Q5
425183014,julie lefebvre,adjointe transaction ressoures humaines,Bell,"Pointe-Calumet, Quebec, Canada",2013-09,Q5
591828007,Rolston Clarke,"Manager - Operations Support, Vendor Performance",Bell,"Ajax, Ontario, Canada",1997-03,Q5
756053935,Danny Da costa,back office help desk,Bell,"Greater Montreal Metropolitan Area, Canada",2010-01,Q5
979685216,Jason Pascoa,Director – Digital Transformation Wireless & Back Office Operations,Bell,"Greater Toronto and Hamilton Area, Ontario, Canada",2025-07,Q5
428331067,samir laihem,Back Office Employee,Bell,"Montreal, Quebec, Canada",2014-10,Q5
502022968,Jeff Montroy,Operations Support,Bell,"Cornwall, Ontario, Canada",2023-10,Q5
35203342,Carol Ann Humeny,Information processing,Bell,"Montreal, Quebec, Canada",2023-12,Q5
489866475,Daniel T.,Service Delivery director,"Ateko, propulsé par Bell Canada",Canada,2026-01,Q5
403133865,Chris Archibald,Service delivery Trainer,Bell Aliant,"Halifax, Nova Scotia, Canada",2006-02,Q5
778750602,Cindy Hudon,"Senior Manager, Operations support",Bell,"Greater Montreal Metropolitan Area, Canada",2023-06,Q5
382449915,Terrence Parker,Operations Support Manager,Bell Canada,"Barrie, Ontario, Canada",,Q5
314002952,Lady Shy,Customer Fulfillment Centre Administrator,Bell MTS,Canada,2017-04,Q5
172828833,damir rukovansski,network operations support,Bell Canada,"Toronto, Ontario, Canada",2001-02,Q5
780911621,Teddy McInnes,Operations Support,Bell MTS,"Winnipeg, Manitoba, Canada",,Q5
776433350,Idris Balogun,Fulfillment Specialist,Bell,Greater Winnipeg Metropolitan Area,,Q5
373860018,Amy Anthony,client rep back office,Bell,"Belleville, Ontario, Canada",,Q5
392341099,Maxime Côté,Transaction Ressources Humaines,Bell,"Brossard, Quebec, Canada",2023-06,Q5
358035582,Susan McKnight,Service Delivery Manager,Bell,Canada,2006-08,Q5
616564116,Josh Lee,Service Delivery Manager,Bell Canada,"Toronto, Ontario, Canada",,Q5
178036644,Pamella Ramgulam,Call Processing Associate,Bell,"Toronto, Ontario, Canada",,Q5
927397008,Derek Simonson,"Senior Manager, IT Infrastructure & Service Delivery (ITIL / Change / Data Centre)",Bell,"Canada, Canada",2022-10,Q5
21658171,Angela Munoz,back office sac,Bell canada,"Montreal, Quebec, Canada",,Q5
268076356,Soundarya Srinivasagan,BA - Credit Startegy,Bell,"Orleans, Ontario, Canada",2022-11,Q6
87831492,Harrison Lepofsky,"Vice President, Sales, Loyalty and Credit Strategy",Bell,"Toronto, Ontario, Canada",2025-05,Q6
104372715,Karen Wang,"Specialist, Credit Strategy",Bell,"Toronto, Ontario, Canada",2026-05,Q6
238579050,Audrey Yuan,"Senior Product Manager, Billing & Payments",Bell,"Toronto, Ontario, Canada",2023-05,Q6
547973928,Ralph Meiers,"Director, Technology Services - SecDevOps Billing",Bell,"Hamilton, Ontario, Canada",2023-02,Q6
103788180,Suchitra A.,Billing Analyst,Bell,Canada,2025-06,Q6
359284698,Mohamed Amine BELMEDJAHED,Bell Business Market- Credit Service-Bilingual,Bell,"Montreal, Quebec, Canada",2022-10,Q6
369007795,Shahid Mirza,Credit Specialist,OUTEDGE Media Canada (Acquired by Bell Media),"Greater Toronto Area, Canada",2021-07,Q6
599235724,Alireza Sobhanipour,Senior Credit Analyst,Bell Media,"Toronto, Ontario, Canada",2026-01,Q6
146438539,Shahid Mirza,Senior Credit and Collections Administrator,Bell Media,"Greater Toronto Area, Canada, Canada",2024-12,Q6
415121214,"Lawrence Wong, CPA, CA","Associate Director, Contract and Revenue Assurance",Bell Canada,"Toronto, Ontario, Canada",,Q6
770173659,Sean Burgess,System Operations - IT Billing Services |,Bell,"Brampton, Ontario, Canada",2014-09,Q6
392073126,Krishna Thakkar,Senior Credit Analyst,Bell Media,"Toronto, Ontario, Canada",2026-02,Q6
305025574,Mariana Azevedo,Collections Manager,Bell,"Toronto, Ontario, Canada",2024-01,Q6
44109320,"David Nearing, PMP","Senior Project Manager – IT Delivery, Billing Solutions",Bell,"Mississauga, Ontario, Canada",2019-02,Q6
51834083,"Sonya Rousseau, CCP","Senior Manager Finance, Credit & Collections",Bell Media,"Montreal, Quebec, Canada",,Q6
671575435,"Tiffany Yam, CPA, CMA","Senior Finance Manager, Finance End-to-End (SAP BPC & Billing Interface Reconciliation)",Bell,"Canada, Canada",2022-04,Q6
795255280,Eliane Bassil,Customer Support Specialist – Billing & Key Accounts,Bell Mobility Radio,"Ottawa, Ontario, Canada",2023-02,Q6
664115320,Jared Pautler,"Senior Analyst, Credit & Collections",Bell,"Toronto, Ontario, Canada",2018-09,Q6
343496750,Yasmina Mattiolo,"Manager, Special Billing & Finance",Bell Mobility,"Dorval, Quebec, Canada",2010-06,Q6
553174727,Giuseppe De Carolis,Billing Associate,Bell Canada,"Montreal, Quebec, Canada",2012-01,Q6
15688006,Natasha Sheppard,IT - Release Delivery Manager – Billing,Bell Canada,"Ottawa, Ontario, Canada",2008-08,Q6
573255662,Enzo LoMonaco,Enterprise Custom Billing Solutions Manager,Bell,"Canada, Canada",1995-07,Q6
500173463,Laura Penchuk,"Credit, QA, care",Canadian Wireless - Bell Mobility,"Brampton, Ontario, Canada",,Q6
622338468,"Sarah O'Sullivan, BSAC",Credit and Risk Recovery Analyst,Bell,"Mississauga, Ontario, Canada",2017-09,Q6
293881804,simon chetrit,Senior program manager- Transformation (Billing  & Receivables) for Bell Business Markets,Bell,"Montreal, Quebec, Canada",2020-01,Q6
571870548,Marie-Lou Girard,"Project Manager - Billing & Ordering, Capital Strategy | Design & Delivery",Bell,"Capitale-Nationale, Quebec, Canada",2022-07,Q6
715491950,Louise Pesant,"Gestionnaire Principale, facturation / Senior Manager, Billing",Bell Canada,"Montreal, Quebec, Canada",1989-11,Q6
15538444,Linda Stachula,design and delivery billing,Bell Canada,"Montreal, Quebec, Canada",2018-05,Q6
158147189,Constance Cardin,Senior Program Manager - BBM & Wholesale - OA & Billing,Bell Canada,"Montreal, Quebec, Canada",2011-05,Q6
23416241,Willis Wong,Revenue Assurance Product Manager,Bell,"Toronto, Ontario, Canada",2017-07,Q6
664394477,Dawn Dixon,Billing Representative,Bell,"Toronto, Ontario, Canada",1994,Q6
560807970,Karen Nelson Shokar,"Associate Director, Roaming Billing Operations",Bell,"Mississauga, Ontario, Canada",2004,Q6
72973641,Brian Currie,Specialized Billing,Bell,"North York, Ontario, Canada",1995-07,Q6
793658218,Lynne Woodcock,Senior Delivery Manager - Billing and SAP CRM,Bell Canada,"Singhampton, Ontario, Canada",2021-02,Q6
939604457,Lynne Woodcock,Senior Delivery Manager - Billing and SAP CRM,Bell Canada,"Singhampton, Ontario, Canada",2021-02,Q6
85749210,"Elaine Audet, MBA","Senior Manager, National Service Desk & Billing",Bell,"Laval, Quebec, Canada",2017-08,Q6
701733818,Emma shan Lu,"Billing Coordinator, Finance",Bell Media,Canada,2021-11,Q6
688103180,Alekya Reddy Bandakunta,Senior Credit Specialist,Bell Media,"Greater Toronto Area, Canada",2026-01,Q6
92858205,Elizabeth Masso,Billing Solution Manager,Bell Canada,"Montreal, Quebec, Canada",2001-07,Q6
626025329,Pamela DelZotti,Revenue Assurance Manager,BCE,Canada,2006-06,Q6
213204318,Steve Bantis,Credit & Receivables Management,Bell,"Toronto, Ontario, Canada",2001-04,Q6
292971367,Dannie McWilliams,Sr. Program Management Billing - NTS Bell Canada,Bell,"Beloeil, Quebec, Canada",2021-11,Q6
941894095,Rameez B.,Senior Credit Analyst,Bell Media,"Toronto, Ontario, Canada",2025-05,Q6
104865923,Vincent Gagné,Commis facturation,Bell,"Canada, Canada",2019-05,Q6
367378826,Elena Shikhova,Billing & Accounts Receivable,Bell Media,"London, Ontario, Canada",2010-02,Q6
314180956,Betonio Jecelyn,Billing Coordinator,Bell Media,"Calgary, Alberta, Canada",2009-04,Q6
713841011,Laurie Boulet,PMO - IS/IT Billing,Bell,"Ottawa, Ontario, Canada",1986-01,Q6
379648108,Becky Peng,Billing Coordinator,Bell Media,"Markham, Ontario, Canada",2021-05,Q6
295400768,Cara Pattison,Manager - Revenue Assurance,BCE,"Milton, Ontario, Canada",2009-11,Q6
324114302,Krista Smith,"Associate Director, Accts Receivables",Bell,"Hamilton, Ontario, Canada",2001,Q6
47335558,David Tawil,"Bell Mobility Credit & Collections, 3rd Party Agency Reporting & Auditing",Bell,"Laval, Quebec, Canada",2014-08,Q6
249233972,Matthew Gaynor,Junior Product Specialist - Revenue Assurance,Bell,"Georgetown, Ontario, Canada",2026-05,Q6
16794353,Sanjay Devani,Manager-Custom Billing Solutions,Bell Canada,"Grimsby, Ontario, Canada",,Q6
380680236,Susan Thuan,Credit & Collections Risk Specialist,Bell,"Canada, Canada",2019-11,Q6
366808620,Blaise S.,Billing Coordinator,Bell Media,"Toronto, Ontario, Canada",2025-06,Q6
285280038,Caroline Gelinas,Analyste de conception de service (Facturation) / Service Design Analyst (Billing) - Entreprise,Bell,"Montreal, Quebec, Canada",2018-06,Q6
939233717,"Jonathan Martins, MBA",Billing Manager,Bell,"Hamilton, Ontario, Canada",2021-10,Q6
664064747,James Simonds,Senier Revenue Assurance Analyst,Bell Aliant,"Saint John, New Brunswick, Canada",2006-09,Q6
574630089,Bonnie Bowie,Billing Solution Manager,Bell,"Ottawa, Ontario, Canada",1999-01,Q6
327688026,Anna Petkos,Associate Director - Billing Services Management,Bell Canada,"Toronto, Ontario, Canada",2012,Q6
83627873,Walter Ramka,Associate Director A/R Credit Mgmt,Bell Business Markets,Canada,2005-06,Q6
260972070,Jonathan Martins,Billing Manager,Bell,"Hamilton, Ontario, Canada",2021-10,Q6
784077495,"Andrea Harris, C.I.M.",SAP Billing Sustainment Specialist,Bell MTS,"Winnipeg, Manitoba, Canada",2009,Q6
650646107,Nikki Schonen,Manager Bell MTS billing and payments,Bell MTS,"Winnipeg, Manitoba, Canada",2012-12,Q6
205720613,David Vermeersch,Project Manager Billing & Capital Strategy: Design and delivery,Bell,"Montreal, Quebec, Canada",2020-11,Q6
378338772,Stacey Ogilvy,Director - Credit and collections,Bell,"Montreal, Quebec, Canada",1999-11,Q6
720116754,Marie-Ange Fontilus,Gestion du credit,Bell,"Laval, Quebec, Canada",2013-01,Q6
592853111,henry pacampara,Project Manager - Billing,Bell Canada,"Markham, Ontario, Canada",2008,Q6
707696641,Josee Courchesne,Billing Clerk,Bell,"New Liskeard, Ontario, Canada",2018-02,Q6
515388158,Nadine Gregoris,Network Project Administrator PIO & Billing,Bell,"Brampton, Ontario, Canada",2015-06,Q6
589622512,Azhar Hussain,Billing Operations Analyst,Bell Canada,"Toronto, Ontario, Canada",,Q6
504298461,Doreen Day,Credit card adminstrator,Bell,Canada,2000-07,Q6
659790848,Brenda Tsotsos,Billing Solutions Manager,Bell Canada,"Toronto, Ontario, Canada",,Q6
102469456,Robyn Smith,Trunkside & Casual Billing Manager,Bell MTS,"Winnipeg, Manitoba, Canada",2022-03,Q6
692898765,Jamie Heringer,"Team Lead, National Service Desk & Billing",Bell,"Ontario, Canada",2018-11,Q6
387731936,Michelle Maniaci,Revenue Assurance and Defect Management,Bell Canada,"West Lincoln, Ontario, Canada",2011-06,Q6
356634824,Ahmed Khan,Billing Collections Senior Manager,Bell,"Toronto, Ontario, Canada",2017-07,Q6
506443755,Lorie. Radtke,Billing Manager,Bell,"Ottawa, Ontario, Canada",2007-08,Q6
395464829,Heidi Hutchings Kays,Revenue Assurance Specialist,Bell Aliant,"Prince Edward Island, Canada",2000-08,Q6
64253295,"Susan DeSousa BComm, CCP",Credit Manager,Bell Canada- Bell Globemedia Interactive,"Toronto, Ontario, Canada",,Q6
614818972,Steven Holly,Help Desk/Collections Specialist,Bell,"Montreal, Quebec, Canada",,Q6
599391158,Adriana Medrano,Credit Department,Bell canada,Greater Montreal Metropolitan Area,,Q6
659459242,Carole-Ann Donaldson,Senior Manager - Finance - Revenue Assurance,Bell,"Lanark, Ontario, Canada",1978-03,Q6
451030346,Robert Garlough,Credit Screening Agent,Bell,"Ottawa, Ontario, Canada",2019-09,Q6
599274411,Marietta Pietrangelo,Senior Credit Specialist,Bell Media,"Toronto, Ontario, Canada",,Q6
101614324,Kathleen Barker,"Associate Director, IT Operations - Billing Services",Bell,"Newmarket, Ontario, Canada",1988,Q6
77582398,Dianne Forsey,"Supervisor, Billing & Accounts Receivable",Bell Media,"Toronto, Ontario, Canada",1990-04,Q6
460119911,Liliana Paciencia,Billing Coordinator,Bell Media,"Toronto, Ontario, Canada",2021-09,Q6
364945136,Timothy Dove,Business Analyst | IT Billing Operations,Bell,"Halifax, Nova Scotia, Canada",2018-04,Q6
803354753,Valencia Bishop,"Executive Assistant to the SVP, IT Delivery - BRS & Billing",Bell,"Toronto, Ontario, Canada",2015-01,Q6
214040915,Aiman S.,Credit Screening and Risk Assessment,Bell,"Ottawa, Ontario, Canada",2019-06,Q6
28010818,Evon Edwards,Centralized Billing Team,Bell,"Ajax, Ontario, Canada",2013-02,Q6
565330653,Diana Lipang,Revenue Assurance Specialist,Bell,"Toronto, Ontario, Canada",2019-12,Q6
504919316,Laura Huynh,Senior Billing Administrator,Bell Media,"Markham, Ontario, Canada",2011-04,Q6
28440682,Beverly Stoltz-Moore,Billing Solutions Manager,Bell Canada,"Ancaster, Ontario, Canada",1987,Q6
951652478,Roshanthy Ramanan,Customer Billing Services Clerk / Accounts Receivable Specialist,Bell,"Markham, Ontario, Canada",2013-06,Q6
542023486,Debbie Momy,Credit Collections Specialist,Bell Canada,"Ottawa, Ontario, Canada",,Q6
527865695,janice bailey,Billing IT,Bell Canada .,"Ottawa, Ontario, Canada",1988-03,Q6
139911299,Carla Macneil,Manager Billing Systems Support,Bell Aliant,"Quispamsis, New Brunswick, Canada",2014-04,Q6
731419847,Lori Gruber,Special Billing Assoc.,Bell Canada,"Mississauga, Ontario, Canada",1996-03,Q6
711934076,Sezal Manchanda,Billing Administrator,Bell,"Mississauga, Ontario, Canada",2022-04,Q6
550455883,Dorothy Wolverton,"Senior Manager, Credit and Risk Management",Bell,"Lincoln, New Brunswick, Canada",2015-03,Q6
333161080,Mark Scissons,Credit and Collections Specialist,Bell,"Ottawa, Ontario, Canada",2008-05,Q6
741884631,Florence Hueber,Manager Collections Ops-Call Center,Bell Canada,"Laval, Quebec, Canada",,Q6
695169112,Leah dela Rama,Sr. Credit Specialist,Bell,"Toronto, Ontario, Canada",2006,Q6
357534056,David Challand,Billing Investigations,Bell,"Greater Toronto Area, Canada",2004-04,Q6
339140869,Wendi Osborne,Custom Billing Agen,Bell,"Aurora, Ontario, Canada",2003-09,Q6
660502434,Debbie Bogdanov,Billing Investigations,Bell Canada,"Edmonton, Alberta, Canada",2006-11,Q6
141731587,Emanuela De Cicco,Manager Revenue Assurance/Finance BCE Inc,Bell,"Greater Toronto Area, Canada",1993-12,Q6
743404230,Cosimo Baldassarre,ACCOUNTS RECEIVABLES REPRESENTATIVE,Bell Media,"Montreal, Quebec, Canada",2008-04,Q6
649247604,Leah dela Rama,Sr. Credit Specialist,Bell Media,"Toronto, Ontario, Canada",2005,Q6
510197186,Renu Verma,Credit & Risk Recovery Analyst,Bell,"Brampton, Ontario, Canada",,Q6
400582648,Sandy Allen,Dedicated Billing Specialist - Federal Government,BCE,Greater Ottawa Metropolitan Area,1997-09,Q6
655934688,Cheryl Singer,Billing Solutions Manager,Bell,"Belleville, Ontario, Canada",,Q6
101232791,Helen Williamson,Billing Coordinator,"Bell Media, Inc.","Toronto, Ontario, Canada",2016-09,Q6
466867124,Alexander Dyck,Senior Manager Billing & Payment Services,Bell MTS,"Winnipeg, Manitoba, Canada",2016-07,Q6
15992132,Connie Manuel,Senior Manager Ordering and Billing,Bell Canada,"Halifax, Nova Scotia, Canada",2000-01,Q6
63117625,Leah dela Rama,Sr. Credit Specialist,Bell Media,"Greater Toronto Area, Canada",2006-11,Q6
451296902,Kari Stewart,Credit Manager,Bell Media,"Lake Country, British Columbia, Canada",2015-08,Q6
170832303,Marcel Fréchette,Adjoint Facturation,Bell,"Laval, Quebec, Canada",2010-01,Q6
37170558,Shane Kalmusky,CONSUMER CREDIT SERVICE SENIOR SUPPORT REPRESENTATIVE,Bell Canada,"Stratford, Ontario, Canada",,Q6
84349195,Randi Maroney,Senior Manager - Credit & Collectcions,Bell Mobility Inc,"Mississauga, Ontario, Canada",2017-06,Q6
657986911,Theresa Amato,Manager Billing Services,Bell Canada,"Montreal, Quebec, Canada",2009-01,Q6
297703638,Donna Charlebois,Manager-Special Billing,BCE,"Mississauga, Ontario, Canada",1988-08,Q6
576171931,Elke Jones,Account Credit Controls,Bell,"Brampton, Ontario, Canada",,Q6
249206677,Winnie Cheung,Credit & Risk Recovery Analyst,Bell Media,Canada,,Q6
788826423,Claude Laberge,Directeur Facturation,Bell Canada,Canada,,Q6
679371660,Arooj Ahmed Q.,Senior Manager AI - Wireless Revenue Assurance,Bell,"Hamilton, Ontario, Canada",2025-11,Q6
547009866,beverly_a. stoltz,Revenue Assurance Manager,Bell,"Greater Toronto Area, Canada, Canada",2019-09,Q6
487532889,GUYLAINE CHARTIER,BILLING ASSOCIATE,BELL,"Montreal, Quebec, Canada",,Q6
440874332,Lyne Matteau,Senior Billing Clerk,Bell,"New Liskeard, Ontario, Canada",,Q6
164858704,"Sohail Khalid, CPA, CMA",Billing Representative,Bell,"Greater Toronto Area, Canada, Canada",,Q6
39700644,Louis R. Leclerc,Associate Dir. - Bell Fleet Solutions (BFS) > Account Mgmt. & Service Assurance,Bell Canada,"Ottawa, Ontario, Canada",2007-01,Q7
417838343,Aish Esmail,"Senior Manager - Technical Architecture, Video Service Operations",Bell,"Greater Toronto Area, Canada",2015-03,Q7
793370566,"Tamanna Koshti, PMP",Manager client service operations,Bell,"Greater Toronto Area, Canada",2024-12,Q7
526620694,Bill Ferguson,Senior Consultant Service Operations,Bell,"Ottawa, Ontario, Canada",2021-12,Q7
547507775,Rabih ElKhoury,Service Assurance & Network Support Manager,Bell,"Montreal, Quebec, Canada",2020-08,Q7
254664807,Peter Mazzucco,"Associate, Network Provisioning - Government Subsidy",Bell,"Ajax, Ontario, Canada",2025-01,Q7
436526309,Lisa Wei,"Bell Marketing and Incentive Specialist, Loyalty & Retention, Customer Operations",Bell,"Toronto, Ontario, Canada",2019-01,Q7
106720204,Ethan Citrin,Network and Technology Provisioning,Bell,"Vaughan, Ontario, Canada",2023-05,Q7
105842305,Pietro Oliveri,"Director, Business Provisioning & Service Assurance at Bell",Bell,"Montreal, Quebec, Canada",2025-04,Q7
411835242,Apoorv Sangal,"Manager, Client Service operations/ Incident Manager",Bell,"Canada, Canada",2026-05,Q7
551876622,Mike Dobson,Senior Manager - Network Provisioning,Bell,"Mississauga, Ontario, Canada",2018-02,Q7
46215200,Aarsh Makwana,"Manager, Service Operations",Bell,"North York, Ontario, Canada",2023-09,Q7
716824540,"Lesley Liu, MMA","Business Intelligence Analyst, Customer Operations",Bell,Canada,2023-04,Q7
235395572,Luc-David Martin,"Director, Client Service Operations",Bell,"Canada, Canada",2021-04,Q7
194219691,Adina Balaceanu,"Senior consultant, service operations",Bell,"Montreal, Quebec, Canada",2025-07,Q7
69482145,Ann Cullingham (Lee),"Director, Customer Operations",Bell,"Toronto, Ontario, Canada",2024-07,Q7
476709682,Colleen Baker,"Senior Consultant, Service Operations",Bell,"Uxbridge, Ontario, Canada",2021-09,Q7
359765703,Saif eddine Abdelmalek,"Senior Manager, Client Service Operations",Bell,"Notre-Dame-de-l'Île-Perrot, Quebec, Canada",2015-11,Q7
131649583,Alex Sanjani-PMP®,Network Provisioning Project Manager,Bell,Canada,2018-08,Q7
69357097,Emmanuel Gonese,Network Provisioning Intern,Bell Aliant,"St John’s, Newfoundland and Labrador, Canada",2026-05,Q7
646996,Peter Xinyuan Chen,"Manager, Client Service Operations",Bell,"Toronto, Ontario, Canada",2025-04,Q7
801068314,Debbie Vieira,Senior Program Manager-Customer Operations,Bell,"Greater Toronto Area, Canada, Canada",2024-07,Q7
233604458,Saroth T.,Consultant - Client Service Operations,Bell,"Toronto, Ontario, Canada",2024-06,Q7
122166519,Mahmoud Saleh,"Advanced Technician, Network Provisioning",Bell,"Milton, Ontario, Canada",2016-02,Q7
24393608,NILIMA PATEL,"Manager, Client Service Operations/ Incident Manager",Bell,"Toronto, Ontario, Canada",2020-10,Q7
372511114,Ken Butt,Senior Manager- Network Provisioning,Bell,"Whitby, Ontario, Canada",2017-06,Q7
753808222,Ariel Weisz,Manager - Network Provisioning,Bell,"Toronto, Ontario, Canada",2021-03,Q7
281206064,Vishnu Jokhoo,Wireless Network Charging Service Operations Specialist,Bell,"Canada, Canada",2012-03,Q7
260455730,Emerson Jardine,Senior Manager - Network Provisioning,Bell,"Greater Toronto Area, Canada, Canada",2025-11,Q7
108290684,Ian Di Michele,"Manager, Client Service Operations at Bell",Bell,"Montreal, Quebec, Canada",2022-03,Q7
616157768,Art Christensen,"Service Manager, Service Operations",Bell,"London, Canada Metropolitan Area",2013-10,Q7
639333146,Serge Gaudet,Senior Manager Customer Operations,Bell,"Gatineau, Quebec, Canada",2024-07,Q7
969338029,Arrunan Visvalingam,Specialist- Customer Provisioning & Facilities Assignment,Bell,"Winnipeg, Manitoba, Canada",2023-03,Q7
957006384,Arrunan Visvalingam,Specialist- Customer Provisioning & Facilities Assignment,Bell,"Winnipeg, Manitoba, Canada",2023-03,Q7
388623610,Arrunan Visvalingam,Specialist- Customer Provisioning & Facilities Assignment,Bell,"Winnipeg, Manitoba, Canada",2023-03,Q7
456779499,Brian Lockwood,Specialist - Network Provisioning,Bell,"St Thomas, Ontario, Canada",2014-11,Q7
198446412,Marie Colacicco-Pepe,Executive Assistant to SVP Customer Operations,Bell,"Whitby, Ontario, Canada",2015-08,Q7
565056400,Kerry Andrews,BBM Service Assurance Staff Manager,"Bell Canada,  BBM Service Assurance","Mississauga, Ontario, Canada",2013-07,Q7
254772401,Tania Marques-Pontone,Senior Manager- Network Provisioning,Bell,"Mississauga, Ontario, Canada",2022-04,Q7
723836842,Shreosee Pal,Manager - Client Service Operations,Bell,"North York, Ontario, Canada",2024-08,Q7
741782791,Erdem Atli,"Finance Manager, FP&A Customer Operations",Bell,"Caledon, Ontario, Canada",2018-09,Q7
281573034,Monica Jumani,"Manager, Client Service Operations",Bell,"Burnaby, British Columbia, Canada",2022-07,Q7
654649216,Mike Smyth,Senior Manger: Client Service Operations,Bell,"Greater Toronto Area, Canada, Canada",2020-03,Q7
568894322,Samir Hahad,"Gest, approvisionnement affaires / Manager, Business Provisioning",Bell,Greater Montreal Metropolitan Area,2023-02,Q7
411366298,David Lynn,"Specialist, Network Provisioning – IM West OSP",Bell,Greater Calgary Metropolitan Area,2021-01,Q7
157031411,Alfred Ramirez,Senior Infrastructure Customer Support – Tier 2 / Product & Service Operations,Epic A Bell MTS Company,"Winnipeg, Manitoba, Canada",2024-04,Q7
583596776,Carol McCormack,"Manager-Specialist, Network Provisioning",Bell,"Orangeville, Ontario, Canada",2018-03,Q7
521265817,Nora Chobanian,"Manager, Business Provisioning",Bell Canada,"Toronto, Ontario, Canada",2016-02,Q7
223545946,Michael Bonifacio,"Manager, Client Service Operations",Bell Canada,"Bolton, Ontario, Canada",1981-08,Q7
598576218,Cindy Bernardo,"Specialist, Network Provisioning",Bell,"Newmarket, Ontario, Canada",2021-03,Q7
346614946,Glen Adams,Business Provisioning Manager,Bell MTS,"Winnipeg, Manitoba, Canada",2022-03,Q7
123846087,Julio A. Pozo Dickson,"Specialist, Network Provisioning",Bell,Greater Ottawa Metropolitan Area,2022-12,Q7
611214680,Stephanie Bezjak,Senior Manager - Network Provisioning,Bell,"Toronto, Ontario, Canada",2021-06,Q7
340069355,"Andrew Lilly, P. Eng","Senior Manger, Network Provisioning",Bell,"Dartmouth, Nova Scotia, Canada",2024-11,Q7
536822044,Lori Stinson,Manager - Customer Provisioning & Assurance - DTH,Bell,"Toronto, Ontario, Canada",1998,Q7
601858359,Mae Punzalan,Client Services Manager - Bell Business Markets (Escalations - Provisioning/Operations),Bell,"Canada, Canada",2017-11,Q7
488403069,Aaron Fabiani,"Network Architect, SRE Voice Service Operations",Bell,"Mississauga, Ontario, Canada",2025-06,Q7
374757847,Pierre De Coene,Senior Manager Client Operations,Bell,"Lorraine, Quebec, Canada",2015,Q7
945173627,"Brice NGOUANA SOUFO, PMP, PSM I, ITIL 4",Manager - Client Service Operations,Bell,Canada,2023-12,Q7
318939843,Clinton Chang,"Manager, Business Provisioning",Bell,"Toronto, Ontario, Canada",2021-04,Q7
670681077,Terri-Lynn O'Leary,Vendor Performance Manager - Customer Operations,Bell Aliant,"Halifax, Nova Scotia, Canada",2017-06,Q7
641914656,Tania Carpenter,Senior Manager Network Provisioning,Bell,"London, Ontario, Canada",2022-11,Q7
109535894,Huberte Betty Favilus,"Executive Assistant, Customer Operations -Small Business & MTS",Bell,Canada,2020-09,Q7
729328658,Adrienne Markarian,"District Program Coordinator-Service Assurance,Performance, Security",Bell Canada,"Burlington, Ontario, Canada",,Q7
435640430,Kathy Noblett,Network Provisioning - ANSP Manager,Bell,"Ajax, Ontario, Canada",2020-06,Q7
435159878,Ludovic Benech,Product Manager & People Manager — Service Assurance IT,Bell,"Montreal, Quebec, Canada",2021-07,Q7
648003079,Ryan Manzie,Specialist: Network Provisioning - Implementation Manager,Bell,"Richmond Hill, Ontario, Canada",2023-05,Q7
87473943,Riasad Bari,Manager - Broadcast Video Provisioning,Bell Canada,"London, Ontario, Canada",2011-07,Q7
108201227,"Jung-Ho Park, P.Eng., PMP",Network Provisioning Specialist,Bell,"Toronto, Ontario, Canada",2021-10,Q7
283198731,Sharanjit Kaur,"Manager, Client Service Operations",Bell,Greater Ottawa Metropolitan Area,2021-06,Q7
485172176,Liberta Amaral,Manager - Client Service Operations Bell Marchés Affaires | Bell Business Markets,Bell,"Longueuil, Quebec, Canada",2014-09,Q7
423688061,Leslie Hayward,"Senior Manager, Client Service Operations",Bell,"Ottawa, Ontario, Canada",2016-07,Q7
388306244,Tesneem Rahhal,"Customer Operations Graduate Leadership Program, Specialist",Bell,"London, Ontario, Canada",2023-09,Q7
517184354,"Chameera Pinnagoda, M.Eng., B.Sc.",Advanced Technician/Technicien – avancé [Business Data Assurance & Provisioning (BDAP)],Bell,"Burlington, Ontario, Canada",2015-07,Q7
8805557,Sumesh G,Tech Specialist: Consumer Provisioning and Facilities Assignment,Bell MTS,"Winnipeg, Manitoba, Canada",2023-03,Q7
177022821,Jason Yuen,Sr Business Intelligence Analyst - Bell Customer Operations,Bell MTS,"Winnipeg, Manitoba, Canada",2019-01,Q7
49637901,Diego Fasulo,Manager Client Service Operations,Bell,"Montreal, Quebec, Canada",2022-05,Q7
478038417,David Bruce,"Manager, Client Service Operations",Bell,"Toronto, Ontario, Canada",2021-10,Q7
556507214,Steve Marchysen,"Manager, Client Service Operations",Bell,"Greater Toronto Area, Canada, Canada",2020-10,Q7
128737280,Dan Dimitroff,Specialist Network Provisioning,Bell,"Toronto, Ontario, Canada",2016-10,Q7
717464008,Dino Bao,"Service Assurance Manager, Wholesale Markets",Bell,"Longueuil, Quebec, Canada",2014-02,Q7
512102253,Mit P.,Incident Manager - Client Service Operations,Bell,"Courtice, Ontario, Canada",2023-03,Q7
510632648,Sevan HajiArtinian,Network Provisioning - Municipal Operations Centre,Bell,"Pickering, Ontario, Canada",2015-08,Q7
596970261,Jenn Krueger,Senior Consultant - Network Provisioning,Bell,"Greater Toronto Area, Canada",2022-06,Q7
481675170,Kyle Ward,Senior Manager - National Service Operations,Bell,"Moncton, New Brunswick, Canada",2023-09,Q7
565679759,G Ruth Gilmour,Enterprise Division Provisioning Mgr,Bell Canada,"Mississauga, Ontario, Canada",,Q7
106647120,Adam Lafond,Network Provisioning Specialist Implementations Manager,Bell,"Ontario, Canada",2017-12,Q7
129342556,Bilaal Haji,Senior Project Manager - Business Data Provisioning,Bell,"Richmond Hill, Ontario, Canada",2020-12,Q7
125481734,eric leduc,"Senior Manager, Business Provisioning",Bell,Greater Montreal Metropolitan Area,2023-02,Q7
429727092,Rachel Navarro,"Program Manager, Network Provisioning (Graduate Leadership Program)",Bell,"Mississauga, Ontario, Canada",2023-01,Q7
282748536,Andrea Coleman,Specialist - Network Provisioning (Financial Management),Bell,"Port Hope, Ontario, Canada",2025-02,Q7
190780066,Mike Culver,Manager Client Service Operations,Bell Canada,"Ontario, Canada",2015-11,Q7
657007941,Nadia Zivkovic,"Specialist, Network Provisioning",Bell,"Greater Toronto Area, Canada",2018,Q7
657711675,Sean Douglas,"Managing Director, Mobility and Customer Operations",Bell,"Greater Toronto Area, Canada, Canada",2013-10,Q7
102768318,Geneviève Boucher,Chef div adjoint Finance - Approvisionnement du réseau d’accès / Network provisioning,Bell,"Brossard, Quebec, Canada",2021-11,Q7
267589957,Eugene Au,"Manager, Business Provisioning",Bell Canada,"Toronto, Ontario, Canada",2016-11,Q7
448517403,Mac Xie,Director of Finance - Client Operations,Bell,"Dorval, Quebec, Canada",2023-03,Q7
427380474,Nathan Majury,Senior Manager – Service Operations,Bell,"Kitchener, Ontario, Canada",2023-03,Q7
649683680,Alison Kelly,Manager Customer Provisioning and Assurance,Bell Canada,"Mississauga, Ontario, Canada",1999-12,Q7
369978108,Sam Selim,Access / Outside Plant Engineering Provisioning & Implementation,Bell,"Pickering, Ontario, Canada",,Q7
502656777,Kathryn Vieira,Manager- Client Service Operations,Bell Canada,"Canada, Canada",2014-11,Q7
116512220,Kent Judges,Senior Manager Service Operations,Bell,"North York, Ontario, Canada",2021-08,Q7
592847881,Paul Colaco,Team Lead - Service Assurance,Bell,"Mississauga, Ontario, Canada",2013-04,Q7
622417068,Adele Briski,MOC Manager Network Provisioning,Bell,"Toronto, Ontario, Canada",2015-04,Q7
699927895,Megan Rainkie,Manager Business Customer Operations,Bell MTS,"Greater Winnipeg Metropolitan Area, Canada",2016-02,Q7
634135139,Brad Wells,Senior Manager - Network Provisioning,Bell,"Dartmouth, Nova Scotia, Canada",2021-03,Q7
433145594,Rudy K.,Manager- Client Service Operations,Bell,"Greater Toronto Area, Canada, Canada",2024-03,Q7
56343505,Brent LaForge,Specialist Network Provisioning,Bell,"Buckhorn, Ontario, Canada",2022-01,Q7
108113652,Sergio E DeCarlo,Network Manager - Broadband and IP Provisioning and commissioning,Bell Canada,"Barrie, Ontario, Canada",1987-11,Q7
31638540,Daniel Piekut,"Specialist, Network Provisioning",Bell,"Greater Toronto Area, Canada",2016-06,Q7
698445551,Robin Dupuis,Manager Service Assurance,Bell Mobility,"Montreal, Quebec, Canada",2007,Q7
351191726,Andrzej S.,Business Provisioning Technical Expert,Bell,"Mississauga, Ontario, Canada",2014-12,Q7
294779364,Holly Haley,Associate Director of Client Operations,Bell Canada,"Mississauga, Ontario, Canada",1990,Q7
257331436,Mike Evans,Senior Manager – Network Provisioning | Transport and Broadband Atlantic | Bell Canada,Bell,"Halifax, Nova Scotia, Canada",2020-07,Q7
112331077,Marc Isabelle,Associate Director for Customer Operations,Bell Canada,"London, Ontario, Canada",2011-10,Q7
515805963,Nooreen Hyder,Implementation Manager. Business Provisioning,Bell,"Toronto, Ontario, Canada",2023-02,Q7
279498400,Margaret McKeen,ASSOCIATE ACCESS NETWORK PROVISIONING,Bell,"London, Ontario, Canada",2008,Q7
402342327,Owen Mahar,"Specialist, Network Provisioning",Bell,"Thunder Bay, Ontario, Canada",2024-05,Q7
361027136,Lori Woodford,Network Manager - Transport Provisioning,Bell,"Halifax, Nova Scotia, Canada",2025-07,Q7
241909679,Mary Amoroso,Associate Director Service Operations,Bell Canada- Bell Business Markets,Canada,,Q7
770433705,Anne-Louise Tinnion,Network Planning & Provisioning  Manager,Bell,Greater Montreal Metropolitan Area,1989-10,Q7
100947465,Rejean Boudreau,Specialist Transport Network Provisioning,Bell,"Dieppe, New Brunswick, Canada",2021-11,Q7
72751528,Eric Bourdeau,Manager - Service Assurance,Bell,"Montreal, Quebec, Canada",2012-09,Q7
512297565,Sylvie Vallée,"Manager, Client Service Operations",Bell,"Canada, Canada",2020-01,Q7
404605644,Andrew Fournier,Implementation Manager - Network Provisioning,Bell,"Barrie, Ontario, Canada",2016-09,Q7
565771369,Marcello Sgrignuoli,Manager - Network Provisioning,Bell,Canada,2018-02,Q7
854701520,Ashley Rodriguez,"Manager, Network Provisioning",Bell,"Greater Toronto Area, Canada",2021-03,Q7
422646649,Shannon Raffan,"Manager, Data Test & Activation",Bell Canada,"Calgary, Alberta, Canada",,Q7
700936868,Shane Vardy,Network Provisioning Specialist,Bell,"Greater Toronto Area, Canada",2023-01,Q7
260121142,"Ashley Pothier, C.Tech","Specialist, Network Provisioning",Bell Aliant,"Halifax, Nova Scotia, Canada",2025-08,Q7
170226985,Paul Busigin,"Senior Manager - Network Provisioning, Bell Canada  (Retired)",Bell Canada,"London, Ontario, Canada",2023-09,Q7
660774654,Sead Delic,Manager Network Provisioning,Bell,"Toronto, Ontario, Canada",2011-08,Q7
733273330,Ruby Lafleche,"Specialist, Network Provisioning  management",Bell,"Gatineau, Quebec, Canada",2019-09,Q7
464110741,Ken Ferrell,Specialist - Network Provisioning,Bell,"London, Ontario, Canada",2022-01,Q7
188359964,Abbott Glen,Network Provisioning Manager Ntwk Strategy & Engineering (Detailed Engineering),Bell Canada,"Halifax, Nova Scotia, Canada",2015-01,Q7
7021119,Natacha Duval,Manager Client Service Operations,Bell,"Gatineau, Quebec, Canada",2022-09,Q7
264824068,Allison Sweet,Manager Network Provisioning,Bell,"Mississauga, Ontario, Canada",2018-06,Q7
54758677,Tim Urbshas,Manager Service Assurance,Bell,"Toronto, Ontario, Canada",2010-01,Q7
176156747,Alexander Lush,Manager network provisioning (Cell lead),Bell,"Oshawa, Ontario, Canada",2024-03,Q7
56317056,David Long,Program Mgr - IVR Service Assurance,Bell Canada,"Toronto, Ontario, Canada",1987-05,Q7
927507619,AHMER NAFIS,Manager Test Center Service Assurance,Bell,"Toronto, Ontario, Canada",2022-01,Q7
497549293,Meral Trigiani,"Senior Consultant, Service Operations",Bell,"Mississauga, Ontario, Canada",2024-06,Q7
867556,Yu Shi,Specialist Chargehand -Customer Provisioning & facilities Assignment,Bell MTS,"Winnipeg, Manitoba, Canada",2023-03,Q7
277545020,Michele Cameron,Network Provisioning Design & Detail Draw,Bell,"Mississauga, Ontario, Canada",2016-08,Q7
680153717,"Cholewa, Matthew","Specialist, Network Provisioning",Bell,"Guelph, Ontario, Canada",2016-10,Q7
175871501,Sid Saadaoui,Planning & Provisioning Specialist,Bell Mobility,"Mississauga, Ontario, Canada",2008-09,Q7
114096327,Patrick Harrigan,Senior Manager - Client Service Operations,Bell,Canada,2019-01,Q7
719109977,Eric Greene,Network Provisioning Manager,Bell Aliant,"Halifax, Nova Scotia, Canada",1989-07,Q7
415481595,Mike Playter,Manager Network Provisioning - Finance Prime and Cell Lead,Bell,"Barrie, Ontario, Canada",2017-07,Q7
734580627,Celina Westbrook,"Specialist, Network Provisioning",Bell,"Hamilton, Ontario, Canada",2017-11,Q7
699074983,Duranceau Marc,Senior Professional - Service Assurance - Real Estate,Bell Canada,"Montreal, Quebec, Canada",,Q7
521829276,Lorraine Klatt,Associate Provisioning & Activation,Bell,"Calgary, Alberta, Canada",2015-11,Q7
380235133,Richard Singh,Service Provisioning & Activation Specialist,Bell,"Greater Toronto Area, Canada",2017-01,Q7
358852409,Mark Miller,Manager - Network Provisioning COE Front Office,Bell Canada,"London, Ontario, Canada",1988-07,Q7
709053987,Denise Dalton,Customer Operations,Bell Media,"Toronto, Ontario, Canada",2019-03,Q7
504573526,Wycliffe Golbourne,Specialist - Business Provisioning,Bell,"Toronto, Ontario, Canada",2010,Q7
168829751,Remi Deperas,IP Maintenance & Provisioning - Network Operations Centre,Bell MTS,"Winnipeg, Manitoba, Canada",2012-08,Q7
15897038,Shelly Cunningham,Network Provisioning Manager,Bell Aliant,"Saint John, New Brunswick, Canada",2009,Q7
697732557,Galen Ferguson,"Manager, Network Provisioning",Bell Aliant,"Saint John, New Brunswick, Canada",2021-01,Q7
602669502,Michelle Chu,Specialist - Network Provisioning,Bell,"Mississauga, Ontario, Canada",2021-09,Q7
17230197,Ujjwal Sharma,Customer Operations Specialist,Bell MTS,"Winnipeg, Manitoba, Canada",2022-03,Q7
64254625,Martha Lewis,IP VPN - Data Provisioning,Bell Canada,"Ingersoll, Ontario, Canada",1998-02,Q7
58546330,Joanne Ajo,"Specialist, Network Provisioning",Bell,"Carrying Place, Ontario, Canada",2017-09,Q7
735656708,Tim Thompson,Business Data Provisioning Specialist,Bell Canada,"Kitchener, Ontario, Canada",1978-05,Q7
396735843,Lyne Mandeville,Analyst Customer Operations,Bell,"Ormstown, Quebec, Canada",2018-03,Q7
15387554,Annie Menard,"general manager, Strategic planning, Network provisioning",Bell,"Montreal, Quebec, Canada",2010-08,Q7
450683321,Michell Cuff,Manager of Broadband and ADSL Provisioning,Bell,"Toronto, Ontario, Canada",1998-04,Q7
626921695,Richard Jean-Claude,"Project Manager, Business Provisioning",Bell,"Montreal, Quebec, Canada",2024-03,Q7
479614995,Maggie Koza,Network Provisioning (Mega) MGR - CCR,Bell,"Mississauga, Ontario, Canada",2018-02,Q7
923452545,Avril Reid,"Manager/Cell Lead, Network Provisioning",Bell,"Greater Toronto Area, Canada",2025-01,Q7
606896677,Charles Wilson,"Specialist, Network Provisioning",Bell,"Cornwall, Ontario, Canada",2023-03,Q7
610904189,Myra Welsh,Buisness Provisioning Manager,Bell Aliant,"St John’s, Newfoundland and Labrador, Canada",1998-05,Q7
556750928,Lloyd Falconer,Data Service Assurance,Bell MTS,"Winnipeg, Manitoba, Canada",2018-04,Q7
746169259,Ellen H.,Network Provisioning,Bell Canada,"Kitchener, Ontario, Canada",2007-09,Q7
647420028,Julie Methot,Manager Business Provisioning,Bell,"Montreal, Quebec, Canada",2008-10,Q7
40691906,Shelley. Farmer,Manager Network Provisioning,Bell Canada,"Caledon, Ontario, Canada",2016-12,Q7
65391919,Miles Robinson,Specialist Network Provisioning,Bell,"Toronto, Ontario, Canada",2021-12,Q7
479614848,Lynne Serle,"Manager, Business Provisioning",Bell Canada,"London, Ontario, Canada",1988-02,Q7
27806985,Erin Cunningham,"Manager, Network Provisioning",Bell,Canada,1989-07,Q7
579766457,Ajeet Sodhi,Analyst Customer Operations,Bell Canada,"Caledon, Ontario, Canada",,Q7
324709406,Brenda Podurgiel,Director Supply Chain-Provisioning and Special projects,Bell Canada,"Sainte-Marthe-sur-le-Lac, Quebec, Canada",,Q7
77091867,Carol Judges,General Manager-Service Operations,Bell Canada,"Toronto, Ontario, Canada",1977-06,Q7
339998280,"Tyson Fuerth, C.Tech.","Manager, Network Provisioning",Bell,"Windsor, Ontario, Canada",2012-09,Q7
284037133,Michaela Hornung,Network Provisioning Specialist,Bell,"Toronto, Ontario, Canada",2022-04,Q7
641242491,Ronny Kellett,Service Assurance Manager,Bell,"Ottawa, Ontario, Canada",2016-08,Q7
732351104,Natasha Wallace,Network Provisioning Specialist,Bell,"Greater Toronto Area, Canada",2004-11,Q7
448554345,Sabrena Sultana,Service Assurance Team,Bell,"Cambridge, Ontario, Canada",2021-09,Q7
61291773,Madison A.,"Specialist, Network Provisioning",Bell,"Mississauga, Ontario, Canada",2025-12,Q7
120017946,Patricia Haertel,Trainer/ Coach Detailed Engineering Network Provisioning (National/Transport),Bell Canada,"London, Ontario, Canada",1989,Q7
52994192,Mark McCaw,Fibre Network Provisioning Administrator,BELL CANADA,"Greater Toronto Area, Canada",1996-06,Q7
477892379,Yu Chen,"Specialist, Network Provisioning",Bell,"Toronto, Ontario, Canada",2018-04,Q7
197387212,"Geneau, Linda","Financial Analyst, Customer Operations",Bell Canada,Canada,2013-02,Q7
96064171,Drinda waddell,Service Assurance Escalation Representative,Bell,"Pickering, Ontario, Canada",2004-03,Q7
310578265,Winnie Ho,"Analyst Provisioning & Assurance, Operations Centre",Bell Canada,"Mississauga, Ontario, Canada",2001,Q7
322356465,Michael Laxton,"Retired after 45 years at Bell - Specialist, Network Provisioning",Bell,"Mississauga, Ontario, Canada",2019-01,Q7
24078932,Marc Lafleche,"Manager, Applications Support – Network Provisioning",Bell,"Ottawa, Ontario, Canada",2015-11,Q7
216798725,Rose Di Lorenzo,Mgr Transport provisioning,Bell Canada,"Toronto, Ontario, Canada",,Q7
156630117,Steven Babarimisa,Customer Operations Specialist,Bell,"Winnipeg, Manitoba, Canada",2022-10,Q7
61371220,Suzanne Bergeron,Provisioning Manager,Bell Canada,Canada,2008-12,Q7
18842081,Randy cliff,Data and voice network assurance and provisioning technician,Bell Canada,"Whitchurch-Stouffville, Ontario, Canada",1976-10,Q7
592410374,Marie-Claude Gauthier,adjointe approvisionnement et activation du service,Bell,"Montreal, Quebec, Canada",2004,Q7
474309724,"Sean Gagnon, BComm Hons",Network -    Customer Provisioning & Facilities Assignment,Bell MTS,Greater Winnipeg Metropolitan Area,2021-03,Q7
307456719,Danny Tipple,"Specialist, Network Provisioning",Bell,"Corner Brook, Newfoundland and Labrador, Canada",2014-06,Q7
679850758,Matthew Germain,Assignment & provisioning,Bell,Greater Montreal Metropolitan Area,2011-02,Q7
87293155,Maria Elias,Trainer/Coach -  Business Data Provisioning / IPVPN Team,Bell,"Greater Toronto Area, Canada",2017-10,Q7
31956021,Kemp Kennedy,"Manager, Business Data Provisioning",Bell,"York, Ontario, Canada",2024-10,Q7
772921912,Saffar Ali,Network Provisioning,Bell Canada,"Mississauga, Ontario, Canada",1973-03,Q7
479497369,Dewayne Keating,Network Operator - Provisioning,Bell Aliant,"Saint John, New Brunswick, Canada",2015-12,Q7
774728555,Huda Khatib,Network provisioning & project managment associate,Bell,"Mississauga, Ontario, Canada",2021-04,Q7
48012995,Wendy Hopkins,Consultant- Service Provisioning,Bell Business Markets,"Calgary, Alberta, Canada",,Q7
646012420,Carol-Ann Smith,Assc.Network Provisioning,Bell,Canada,1997-04,Q7
337643647,Angie Fiocco,NETWORK PROVISIONING PROJECT MGMT.,Bell,"Vaughan, Ontario, Canada",2000-06,Q7
742369498,MONICA PINTO,Service Operations,Bell Canada,"Toronto, Ontario, Canada",2000-08,Q7
712299906,Anita Celli,Provisioning Associate,Bell Canada,"Ontario, Canada",2000-06,Q7
36178750,Crystal Damdinkhuu,"Associate-Circuit Design, Business Data Provisioning at Bell",Bell,"Calgary, Alberta, Canada",2005-06,Q7
151556226,Anne-Marie Ranger,Service Assurance Specialist,Bell,"Gatineau, Quebec, Canada",2012-03,Q7
252391484,Sandra Somers,Manager Customer Provisioning & Assurance,Bell,"Bolton, Ontario, Canada",,Q7
62751698,Ronda Klein,Provisioning Manager - Western Client Resource Center,Bell,"Calgary, Alberta, Canada",2009-02,Q7
303892760,Jean-Philippe Gelinas,"Spécialiste d'approvisionnement du réseau - Specialist, Network Provisioning",Bell,"Lorraine, Quebec, Canada",2007-04,Q7
967525893,Bita Shahsavari,Construction Project Manager-Specialist Network Provisioning,Bell,Canada,2023-02,Q7
673847022,Arnica Maredia,service assurance team member,Bell,"Kitchener, Ontario, Canada",,Q7
152488871,Ian Campbell,Cell Leader - Access Provisioning,Bell MTS,"Winnipeg, Manitoba, Canada",2020-06,Q7
484806519,Marva Hector,Manager Network Provisioning at Bell Canada,Bell,"Brampton, Ontario, Canada",2018-05,Q7
242988343,Kyle Toupin,"Specialist, Network Provisioning",Bell,"Ontario, Canada",2015-01,Q7
414583011,Murray Veno,Facilities Manager - Network Provisioning,Bell,"London, Ontario, Canada",1985-12,Q7
403921673,Jojo Alarcon,Enterprise Service Operations Application Developer,Bell Canada,"Ottawa, Ontario, Canada",2007-01,Q7
701982505,Nancy Robichaud,Network Provisioning Manager,Bell,"Ontario, Canada",2025-03,Q7
607220700,Cheryl Whalen,Manager - Network Provisioning,Bell Canada,"Toronto, Ontario, Canada",2011-04,Q7
654491174,Brent Moore,"Manager, Client Service Operations (Managed Security Ops.)",Bell,"Saint John, New Brunswick, Canada",2014-03,Q7
619922087,karine moses,Director Customer Assurance & Provisioning,Bell Canada,"Carignan, Quebec, Canada",,Q7
625659657,April Kwan,Manager Network Provisioning,Bell,"Mississauga, Ontario, Canada",2004-10,Q7
